payer_name,payer_alias,state_or_region,line_of_business,document_title,document_type,document_url,source_page_url,discovery_path,file_type,policy_number,effective_date,last_updated_date,http_status,content_hash_sha256,file_size_bytes,requires_auth,render_mode,extraction_method,confidence_score,scrape_timestamp_utc,notes
Cigna,Cigna,,,tier-plan-flyer.pdf,drug_list,https://legacy.cigna.com/static/www-cigna-com/docs/individuals-families/tier-plan-flyer.pdf,https://www.cigna.com/individuals-families/member-guide/prescription-drug-lists,seed -> page -> anchor -> document (Drug Tier Descriptions [PDF]),pdf,,,2023-09-11,200,ee8627ea6ebe7f4fa5cad99ce96771dcb21f65dc27d2d2a2b1c1b9934dceff0d,31655,N,static,html_anchor|pdf_metadata|pdf_text|filename,0.80,2026-09-28T14:26:06Z,
Cigna,Cigna,,,non-ifp-pharmacy-exception-approval-process.pdf,drug_list,https://legacy.cigna.com/static/www-cigna-com/docs/pharmacy/non-ifp-pharmacy-exception-approval-process.pdf,https://www.cigna.com/individuals-families/member-guide/prescription-drug-lists,seed -> page -> anchor -> document (Exception Process for Non-Covered Medications [PDF]),pdf,,,2023-09-08,200,260d819eeb2f284d375b3280dd7f4e41d1519dc8695b273759fb9feae3002c61,32594,N,static,html_anchor|pdf_metadata|pdf_text|filename,0.80,2026-09-28T14:26:08Z,
Cigna,Cigna,,,956460-step-therapy-faq-flyer.pdf,pa_list,https://www.cigna.com/static/www-cigna-com/docs/956460-step-therapy-faq-flyer.pdf,https://www.cigna.com/individuals-families/member-guide/prescription-drug-lists,seed -> page -> anchor -> document (What is Step Therapy? [PDF]),pdf,,,2022-06-07,200,3dd50e7d20db41e3f528bc726d08d0cea6159a1becdb8a96787686c19a31b900,46489,N,static,html_anchor|pdf_metadata|pdf_text|filename,0.80,2026-09-28T14:26:04Z,
Cigna,Cigna,CA,,ca-cnpf-4-tier-specialty-doi.pdf,drug_list,https://www.cigna.com/static/www-cigna-com/docs/ca-cnpf-4-tier-specialty-doi.pdf,https://www.cigna.com/individuals-families/member-guide/prescription-drug-lists,seed -> page -> anchor -> document (California National Preferred 4 Tier Specialty* (CDI) [PDF]),pdf,,,2026-07-24,200,ae7b17a9c3e874d28a6c647c18171bccabbde517102359b392fec3ab93c6759f,7053645,N,static,html_anchor|pdf_metadata|pdf_text|filename|url_pattern,0.80,2026-09-28T14:24:19Z,
Cigna,Cigna,CA,,ca-cnpf-4-tier-specialty-hmo.pdf,drug_list,https://www.cigna.com/static/www-cigna-com/docs/ca-cnpf-4-tier-specialty-hmo.pdf,https://www.cigna.com/individuals-families/member-guide/prescription-drug-lists,seed -> page -> anchor -> document (California National Preferred 4 Tier Specialty* (DHMC) [PDF]),pdf,,,2026-07-24,200,fbbfccfc5aefca06b55d039da8a1b15fa66927c44d21e23f82d727ca7ce4f6c8,6867772,N,static,html_anchor|pdf_metadata|pdf_text|filename|url_pattern,0.80,2026-09-28T14:24:45Z,
Cigna,Cigna,CA,,ca-cnpf-4-tier-splitgenerics-doi.pdf,drug_list,https://www.cigna.com/static/www-cigna-com/docs/ca-cnpf-4-tier-splitgenerics-doi.pdf,https://www.cigna.com/individuals-families/member-guide/prescription-drug-lists,seed -> page -> anchor -> document (California National Preferred 4 Tier* (CDI) [PDF]),pdf,,,2026-07-24,200,1eab9cf1b873a9e92cf690f10305b90aacc4c6a63ad6ed8863553b88179d90f0,7057187,N,static,html_anchor|pdf_metadata|pdf_text|filename|url_pattern,0.80,2026-09-28T14:23:54Z,
Cigna,Cigna,CA,,ca-cnpf-4-tier-splitgenerics-hmo.pdf,drug_list,https://www.cigna.com/static/www-cigna-com/docs/ca-cnpf-4-tier-splitgenerics-hmo.pdf,https://www.cigna.com/individuals-families/member-guide/prescription-drug-lists,seed -> page -> anchor -> document (California National Preferred 4 Tier* (DHMC) [PDF]),pdf,,,2026-07-24,200,b5ceb2d247ccda71f97aa6b8f54d0a5b5b9f37f89fd5dfbf0660cba7a0840e68,7047827,N,static,html_anchor|pdf_metadata|pdf_text|filename|url_pattern,0.80,2026-09-28T14:24:07Z,
Cigna,Cigna,CA,,ca-cnpf-5-tier-specialty-doi.pdf,drug_list,https://www.cigna.com/static/www-cigna-com/docs/ca-cnpf-5-tier-specialty-doi.pdf,https://www.cigna.com/individuals-families/member-guide/prescription-drug-lists,seed -> page -> anchor -> document (California National Preferred 5 Tier Specialty* (CDI) [PDF]),pdf,,,2026-07-24,200,21eabe1750010906528d52ddd8f6163b730874d7f09cf17c9227c230eb8e6965,7132973,N,static,html_anchor|pdf_metadata|pdf_text|filename|url_pattern,0.80,2026-09-28T14:25:26Z,
Cigna,Cigna,CA,,ca-cnpf-5-tier-specialty-hmo.pdf,drug_list,https://www.cigna.com/static/www-cigna-com/docs/ca-cnpf-5-tier-specialty-hmo.pdf,https://www.cigna.com/individuals-families/member-guide/prescription-drug-lists,seed -> page -> anchor -> document (California National Preferred 5 Tier Specialty* (DHMC) [PDF]),pdf,,,2026-07-24,200,cb112f6d3d400e1429082769cac3196709196df8b9f64685485ee137201723d9,7134856,N,static,html_anchor|pdf_metadata|pdf_text|filename|url_pattern,0.80,2026-09-28T14:25:39Z,
Cigna,Cigna,CA,,ca-cnpf-5-tier-splitgenerics-doi.pdf,drug_list,https://www.cigna.com/static/www-cigna-com/docs/ca-cnpf-5-tier-splitgenerics-doi.pdf,https://www.cigna.com/individuals-families/member-guide/prescription-drug-lists,seed -> page -> anchor -> document (California National Preferred 5 Tier (CDI) [PDF]),pdf,,,2026-07-24,200,b9cac236aebedeec7c2d72ab7285d36e11908ad6e5ada25183cdd4935b2b6ef9,6692052,N,static,html_anchor|pdf_metadata|pdf_text|filename|url_pattern,0.80,2026-09-28T14:24:58Z,
Cigna,Cigna,CA,,ca-cnpf-5-tier-splitgenerics-hmo.pdf,drug_list,https://www.cigna.com/static/www-cigna-com/docs/ca-cnpf-5-tier-splitgenerics-hmo.pdf,https://www.cigna.com/individuals-families/member-guide/prescription-drug-lists,seed -> page -> anchor -> document (California National Preferred 5 Tier* (DHMC) [PDF]),pdf,,,2026-07-24,200,fd9980e93d11f57282794dac07c368a8f09b0f3e45bd356f6a28204a02dd4fd2,6495106,N,static,html_anchor|pdf_metadata|pdf_text|filename|url_pattern,0.80,2026-09-28T14:25:13Z,
Cigna,Cigna,CA,,ca-cnpf-6-tier-doi.pdf,drug_list,https://www.cigna.com/static/www-cigna-com/docs/ca-cnpf-6-tier-doi.pdf,https://www.cigna.com/individuals-families/member-guide/prescription-drug-lists,seed -> page -> anchor -> document (California National Preferred 6 Tier* (CDI) [PDF]),pdf,,,2026-07-24,200,8679994b6b35e7b8b674700499595d3309a9b4582aecf8edc5e07aa5065e5f41,6715894,N,static,html_anchor|pdf_metadata|pdf_text|filename|url_pattern,0.80,2026-09-28T14:25:51Z,
Cigna,Cigna,CA,,ca-cnpf-6-tier-hmo.pdf,drug_list,https://www.cigna.com/static/www-cigna-com/docs/ca-cnpf-6-tier-hmo.pdf,https://www.cigna.com/individuals-families/member-guide/prescription-drug-lists,seed -> page -> anchor -> document (California National Preferred 6 Tier* (DHMC) [PDF]),pdf,,,2026-07-24,200,59ea6ebad5f22f6ab0d7059eb0104666fef48d3da22063d458967997f0fa7495,6540155,N,static,html_anchor|pdf_metadata|pdf_text|filename|url_pattern,0.80,2026-09-28T14:26:03Z,
Cigna,Cigna,,,cigna-national-preferred-prescription-4-tier-abridged.pdf,drug_list,https://www.cigna.com/static/www-cigna-com/docs/cigna-national-preferred-prescription-4-tier-abridged.pdf,https://www.cigna.com/individuals-families/member-guide/prescription-drug-lists,seed -> page -> anchor -> document (4 Tier Abridged [PDF]),pdf,,,2026-05-07,200,31b573f588c4ea2ea1724490d52c881c02a8c20e6e808e673b8170c1f4df5597,139828,N,static,html_anchor|pdf_metadata|pdf_text|filename,0.80,2026-09-28T14:15:26Z,
Cigna,Cigna,,,cigna-national-preferred-prescription-4-tier-specialty-abridged.pdf,drug_list,https://www.cigna.com/static/www-cigna-com/docs/cigna-national-preferred-prescription-4-tier-specialty-abridged.pdf,https://www.cigna.com/individuals-families/member-guide/prescription-drug-lists,seed -> page -> anchor -> document (4 Tier Specialty Abridged [PDF]),pdf,,,2026-05-07,200,73116f1be754fc5f5ad4ddd6677fe521706c715c72cf44d9bf229cb2e78788e8,140047,N,static,html_anchor|pdf_metadata|pdf_text|filename,0.80,2026-09-28T14:15:28Z,
Cigna,Cigna,,,cigna-national-preferred-prescription-5-tier-abridged.pdf,drug_list,https://www.cigna.com/static/www-cigna-com/docs/cigna-national-preferred-prescription-5-tier-abridged.pdf,https://www.cigna.com/individuals-families/member-guide/prescription-drug-lists,seed -> page -> anchor -> document (5 Tier Abridged [PDF]),pdf,,,2026-05-07,200,0aaae318f1926921aacf2c18c3b5c63da2dcf9a9f3b9c4e322bb339ff6bdb376,139988,N,static,html_anchor|pdf_metadata|pdf_text|filename,0.80,2026-09-28T14:15:30Z,
Cigna,Cigna,,,cigna-national-preferred-prescription-5-tier-specialty-abridged.pdf,drug_list,https://www.cigna.com/static/www-cigna-com/docs/cigna-national-preferred-prescription-5-tier-specialty-abridged.pdf,https://www.cigna.com/individuals-families/member-guide/prescription-drug-lists,seed -> page -> anchor -> document (5 Tier Specialty Abridged [PDF]),pdf,,,2026-05-07,200,e07340949ddb44bf8d3993ca1fe09327eb3e7dfb8f9d1308d9c52293c8a30882,140164,N,static,html_anchor|pdf_metadata|pdf_text|filename,0.80,2026-09-28T14:15:32Z,
Cigna,Cigna,,,cigna-national-preferred-prescription-6-tier-abridged.pdf,drug_list,https://www.cigna.com/static/www-cigna-com/docs/cigna-national-preferred-prescription-6-tier-abridged.pdf,https://www.cigna.com/individuals-families/member-guide/prescription-drug-lists,seed -> page -> anchor -> document (6 Tier Abridged [PDF]),pdf,,,2026-05-07,200,805e2727e6495f281d8348e4531e4296b7af200514aadbc93cd5253722ec1ae2,139715,N,static,html_anchor|pdf_metadata|pdf_text|filename,0.80,2026-09-28T14:15:34Z,
Cigna,Cigna,,,committment-to-quality.pdf,pa_list,https://www.cigna.com/static/www-cigna-com/docs/committment-to-quality.pdf,https://www.cigna.com/individuals-families/member-guide,seed -> page -> anchor -> document (Commitment to Quality [PDF]),pdf,,,2025-10-30,200,c6a0f780860baeffe7a0b1dfd001a66b4ccc4915fb58847e33c91ce47e3531ba,989007,N,static,html_anchor|pdf_metadata|pdf_text|filename,0.80,2026-09-28T14:08:46Z,
Cigna,Cigna,,,copay-assurance-plan-drug-list.pdf,drug_list,https://www.cigna.com/static/www-cigna-com/docs/copay-assurance-plan-drug-list.pdf,https://www.cigna.com/individuals-families/member-guide/prescription-drug-lists,seed -> page -> anchor -> document (Copay Assurance Plan Drug List [PDF]),pdf,,,2026-04-22,200,2d5a8e4dcd2594b254e1d095e0dd4ff68458aa51097b612843286032515430b6,241346,N,static,html_anchor|url_pattern|pdf_metadata|pdf_text|filename,0.80,2026-09-28T14:17:19Z,
Cigna,Cigna,,,advantage-3-tier.pdf,drug_list,https://www.cigna.com/static/www-cigna-com/docs/ifp/advantage-3-tier.pdf,https://www.cigna.com/individuals-families/member-guide/prescription-drug-lists,seed -> page -> anchor -> document (3 Tier [PDF]),pdf,,,2026-09-17,200,db61c922f9e4b558b7ceae70265605d9b0d1f16ae44a0977cecbc3d916cf0e60,912377,N,static,html_anchor|pdf_metadata|pdf_text|filename,0.80,2026-09-28T14:14:47Z,
Cigna,Cigna,,,advantage-4-tier-spec.pdf,drug_list,https://www.cigna.com/static/www-cigna-com/docs/ifp/advantage-4-tier-spec.pdf,https://www.cigna.com/individuals-families/member-guide/prescription-drug-lists,seed -> page -> anchor -> document (4 Tier (all specialty medications covered on tier 4) [PDF]),pdf,,,2026-09-17,200,409dfa1965473bddfa28126c937aabea5aafaac955e172c87847130c326416f0,914171,N,static,html_anchor|pdf_metadata|pdf_text|filename,0.80,2026-09-28T14:14:53Z,
Cigna,Cigna,,,all-prev-legacy.pdf,drug_list,https://www.cigna.com/static/www-cigna-com/docs/ifp/all-prev-legacy.pdf,https://www.cigna.com/individuals-families/member-guide/prescription-drug-lists,seed -> page -> anchor -> document (All Preventives Drug List (for the Cigna Legacy (Standard) and Legacy (Performan),pdf,,,2026-09-14,200,edee2ef7b2de0d22c7c8e0f9977c378989b4d9b1540d3154eeb3d1ae783b4778,117632,N,static,html_anchor|pdf_metadata|pdf_text|filename,0.80,2026-09-28T14:16:59Z,
Cigna,Cigna,,,all-prev-standard-for-cnpf.pdf,drug_list,https://www.cigna.com/static/www-cigna-com/docs/ifp/all-prev-standard-for-cnpf.pdf,https://www.cigna.com/individuals-families/member-guide/prescription-drug-lists,seed -> page -> anchor -> document (All Preventives Drug List – Standard (for the Cigna National Preferred Drug List),pdf,,,2026-05-15,200,9b36791305d5c49a02d3c586e1a1243b60c8cb10de30c4b209eb949a22c8d559,135041,N,static,html_anchor|pdf_metadata|pdf_text|filename,0.80,2026-09-28T14:17:04Z,
Cigna,Cigna,,,all-prev-standardplus-for-cnpf.pdf,drug_list,https://www.cigna.com/static/www-cigna-com/docs/ifp/all-prev-standardplus-for-cnpf.pdf,https://www.cigna.com/individuals-families/member-guide/prescription-drug-lists,seed -> page -> anchor -> document (All Preventives Drug List – Standard Plus (for the Cigna National Preferred Drug),pdf,,,2026-05-15,200,cd12af76238ae5e87467d02d887103602efdc9867c8a48bac965eb53b6ec9b03,147925,N,static,html_anchor|pdf_metadata|pdf_text|filename,0.80,2026-09-28T14:17:07Z,
Cigna,Cigna,,,all-prev-std-perf.pdf,drug_list,https://www.cigna.com/static/www-cigna-com/docs/ifp/all-prev-std-perf.pdf,https://www.cigna.com/individuals-families/member-guide/prescription-drug-lists,seed -> page -> anchor -> document (All Preventives Drug List (for the Cigna Standard and Performance Drug Lists) [P),pdf,,,2026-09-14,200,cb8246a1f8513640ebf76f0296a0ab314a1f3e8b542337b2cf18a848496e4460,106673,N,static,html_anchor|pdf_metadata|pdf_text|filename,0.80,2026-09-28T14:16:57Z,
Cigna,Cigna,,,all-prev-value-adv.pdf,drug_list,https://www.cigna.com/static/www-cigna-com/docs/ifp/all-prev-value-adv.pdf,https://www.cigna.com/individuals-families/member-guide/prescription-drug-lists,seed -> page -> anchor -> document (All Preventives Drug List (for the Cigna Value and Advantage Drug Lists) [PDF]),pdf,,,2026-09-14,200,595c206789e4d43254843dc21875391215ef40a02e951c31afb5cf9fe0b45a09,106088,N,static,html_anchor|pdf_metadata|pdf_text|filename,0.80,2026-09-28T14:17:02Z,
Cigna,Cigna,CA,,ca-advantage-3-tier-cdi.pdf,drug_list,https://www.cigna.com/static/www-cigna-com/docs/ifp/ca-advantage-3-tier-cdi.pdf,https://www.cigna.com/individuals-families/member-guide/prescription-drug-lists,seed -> page -> anchor -> document (California Advantage 3 Tier** [PDF]),pdf,,,2026-06-30,200,9b64e69a829c912f984008cc560bfedae61708b105f747cad6ee524a4278417a,6666731,N,static,html_anchor|pdf_metadata|pdf_text|filename|url_pattern,0.80,2026-09-28T14:20:59Z,
Cigna,Cigna,CA,,ca-advantage-4-tier-spec-cdi.pdf,drug_list,https://www.cigna.com/static/www-cigna-com/docs/ifp/ca-advantage-4-tier-spec-cdi.pdf,https://www.cigna.com/individuals-families/member-guide/prescription-drug-lists,seed -> page -> anchor -> document (California Advantage 4 Tier (all specialty medications covered on tier 4)** [PDF),pdf,,,2026-06-30,200,900d6cff44308fe0d0169a72ee91163540b7b2fd1a9347fba8ee6a720bf16d1a,6503017,N,static,html_anchor|pdf_metadata|pdf_text|filename|url_pattern,0.80,2026-09-28T14:21:17Z,
Cigna,Cigna,CA,,ca-cigna-national-pref-3-tier-cdi.pdf,drug_list,https://www.cigna.com/static/www-cigna-com/docs/ifp/ca-cigna-national-pref-3-tier-cdi.pdf,https://www.cigna.com/individuals-families/member-guide/prescription-drug-lists,seed -> page -> anchor -> document (California National Preferred 3 Tier* (CDI) [PDF]),pdf,,,2026-07-24,200,0c471bad96f6dca43877bed3f0dabb9ee72c98be0898811ef2ae9c5f3f958dbd,7054425,N,static,html_anchor|pdf_metadata|pdf_text|filename|url_pattern,0.80,2026-09-28T14:23:30Z,
Cigna,Cigna,CA,,ca-cigna-national-pref-3-tier-dhmc.pdf,drug_list,https://www.cigna.com/static/www-cigna-com/docs/ifp/ca-cigna-national-pref-3-tier-dhmc.pdf,https://www.cigna.com/individuals-families/member-guide/prescription-drug-lists,seed -> page -> anchor -> document (California National Preferred 3 Tier* (DHMC) [PDF]),pdf,,,2026-07-24,200,d86d0f2981f1babae75d59070d077c21a4973ae10f2f897bc2e42697095ad61b,6849009,N,static,html_anchor|pdf_metadata|pdf_text|filename|url_pattern,0.80,2026-09-28T14:23:42Z,
Cigna,Cigna,CA,,ca-legacy-perf-3-tier-cdi.pdf,drug_list,https://www.cigna.com/static/www-cigna-com/docs/ifp/ca-legacy-perf-3-tier-cdi.pdf,https://www.cigna.com/individuals-families/member-guide/prescription-drug-lists,seed -> page -> anchor -> document (California Legacy (Performance) 3 Tier** [PDF]),pdf,,,2026-07-06,200,fc8f2495cfc93bac05f74e3f0272fa32f5d077a2b19e068fa8d7cfdc09d8f6bf,8216365,N,static,html_anchor|pdf_metadata|pdf_text|filename|url_pattern,0.80,2026-09-28T14:22:54Z,
Cigna,Cigna,CA,,ca-legacy-perf-4-tier-cdi.pdf,drug_list,https://www.cigna.com/static/www-cigna-com/docs/ifp/ca-legacy-perf-4-tier-cdi.pdf,https://www.cigna.com/individuals-families/member-guide/prescription-drug-lists,seed -> page -> anchor -> document (California Legacy (Performance) 4 Tier (all specialty medications covered on tie),pdf,,,2026-07-06,200,dacbfce5ecca2eb9dcb11fd80a20e874211203e4acad16e7eea1dca8b990a83e,8217594,N,static,html_anchor|pdf_metadata|pdf_text|filename|url_pattern,0.80,2026-09-28T14:23:08Z,
Cigna,Cigna,CA,,ca-legacy-stnd-3-tier-cdi.pdf,drug_list,https://www.cigna.com/static/www-cigna-com/docs/ifp/ca-legacy-stnd-3-tier-cdi.pdf,https://www.cigna.com/individuals-families/member-guide/prescription-drug-lists,seed -> page -> anchor -> document (California Legacy (Standard) 3 Tier* (CDI) [PDF]),pdf,,,2026-06-30,200,90de293478882e5c20eac5a03bb7c025d4b85020e1434574c1f536a17cc076c2,7374034,N,static,html_anchor|pdf_metadata|pdf_text|filename|url_pattern,0.80,2026-09-28T14:21:35Z,
Cigna,Cigna,CA,,ca-legacy-stnd-3-tier-dhmc.pdf,drug_list,https://www.cigna.com/static/www-cigna-com/docs/ifp/ca-legacy-stnd-3-tier-dhmc.pdf,https://www.cigna.com/individuals-families/member-guide/prescription-drug-lists,seed -> page -> anchor -> document (California Legacy (Standard) 3 Tier* (DMHC) [PDF]),pdf,,,2026-06-30,200,fd831aabe20491f9ce4693842ffe8f11f737f53c8d7e0c75089ced3c24c53d53,7095210,N,static,html_anchor|pdf_metadata|pdf_text|filename|url_pattern,0.80,2026-09-28T14:21:49Z,
Cigna,Cigna,CA,,ca-legacy-stnd-4-tier-spec-cdi.pdf,drug_list,https://www.cigna.com/static/www-cigna-com/docs/ifp/ca-legacy-stnd-4-tier-spec-cdi.pdf,https://www.cigna.com/individuals-families/member-guide/prescription-drug-lists,seed -> page -> anchor -> document (California Legacy (Standard) 4 Tier* (all specialty medications covered on tier ),pdf,,,2026-06-30,200,93f50957f3a1b9917d446542560b15646e8b4d5322820f3e80e546ce447b8119,7129404,N,static,html_anchor|pdf_metadata|pdf_text|filename|url_pattern,0.80,2026-09-28T14:22:24Z,
Cigna,Cigna,CA,,ca-legacy-stnd-4-tier-spec-dhmc.pdf,drug_list,https://www.cigna.com/static/www-cigna-com/docs/ifp/ca-legacy-stnd-4-tier-spec-dhmc.pdf,https://www.cigna.com/individuals-families/member-guide/prescription-drug-lists,seed -> page -> anchor -> document (California Legacy (Standard) 4 Tier* (all specialty medications covered on tier ),pdf,,,2026-06-30,200,330cadf20663aea5c195017406ffd17684ead4bfae6a989e404a2283f1349530,7172319,N,static,html_anchor|pdf_metadata|pdf_text|filename|url_pattern,0.80,2026-09-28T14:22:40Z,
Cigna,Cigna,CA,,ca-performance-3-tier-cdi.pdf,drug_list,https://www.cigna.com/static/www-cigna-com/docs/ifp/ca-performance-3-tier-cdi.pdf,https://www.cigna.com/individuals-families/member-guide/prescription-drug-lists,seed -> page -> anchor -> document (California Performance 3 Tier** [PDF]),pdf,,,2026-06-30,200,1432c9b6b138cfc986c974520ef334c4bece96a0155fdb502ce6b09bc34ca52f,7185056,N,static,html_anchor|pdf_metadata|pdf_text|filename|url_pattern,0.80,2026-09-28T14:20:08Z,
Cigna,Cigna,CA,,ca-performance-4-tier-spec-cdi.pdf,drug_list,https://www.cigna.com/static/www-cigna-com/docs/ifp/ca-performance-4-tier-spec-cdi.pdf,https://www.cigna.com/individuals-families/member-guide/prescription-drug-lists,seed -> page -> anchor -> document (California Performance 4 Tier (all specialty medications covered on tier 4)** [P),pdf,,,2026-06-30,200,9717b923c9ce97b02402e187fe9295e2c3373efac46f5a34a250b1a5551743f9,7002888,N,static,html_anchor|pdf_metadata|pdf_text|filename|url_pattern,0.80,2026-09-28T14:20:40Z,
Cigna,Cigna,CA,,ca-standard-3-tier-cdi.pdf,drug_list,https://www.cigna.com/static/www-cigna-com/docs/ifp/ca-standard-3-tier-cdi.pdf,https://www.cigna.com/individuals-families/member-guide/prescription-drug-lists,seed -> page -> anchor -> document (California Standard 3 Tier* (CDI) [PDF]),pdf,,,2026-06-30,200,f98819500659d7a56aee29fcd173548a309fbe7ac11fe55618eb5da574016a1e,5433236,N,static,html_anchor|pdf_metadata|pdf_text|filename|url_pattern,0.80,2026-09-28T14:17:34Z,
Cigna,Cigna,CA,,ca-standard-3-tier-dhmc.pdf,drug_list,https://www.cigna.com/static/www-cigna-com/docs/ifp/ca-standard-3-tier-dhmc.pdf,https://www.cigna.com/individuals-families/member-guide/prescription-drug-lists,seed -> page -> anchor -> document (California Standard 3 Tier* (DMHC) [PDF]),pdf,,,2026-06-30,200,db477653c69a7c7db49e2933192da76eda85897d112fbd177a58177b6f37448c,5233657,N,static,html_anchor|pdf_metadata|pdf_text|filename|url_pattern,0.80,2026-09-28T14:17:46Z,
Cigna,Cigna,CA,,ca-standard-4-tier-spec-cdi.pdf,drug_list,https://www.cigna.com/static/www-cigna-com/docs/ifp/ca-standard-4-tier-spec-cdi.pdf,https://www.cigna.com/individuals-families/member-guide/prescription-drug-lists,seed -> page -> anchor -> document (California Standard 4 Tier* (all specialty medications covered on tier 4) (CDI) ),pdf,,,2026-06-30,200,032f9053ec7efa10ef0467d0c49cd1f064444def77b9e56b133acfd704e08e85,5249233,N,static,html_anchor|pdf_metadata|pdf_text|filename|url_pattern,0.80,2026-09-28T14:17:56Z,
Cigna,Cigna,CA,,ca-standard-4-tier-spec-dhmc.pdf,drug_list,https://www.cigna.com/static/www-cigna-com/docs/ifp/ca-standard-4-tier-spec-dhmc.pdf,https://www.cigna.com/individuals-families/member-guide/prescription-drug-lists,seed -> page -> anchor -> document (California Standard 4 Tier* (all specialty medications covered on tier 4) (DMHC)),pdf,,,2026-06-30,200,2f73d5bd43cfc34ff38b85aa33257e7229140f0fff6b5c78904a4cdd7f6d83e3,5242325,N,static,html_anchor|pdf_metadata|pdf_text|filename|url_pattern,0.80,2026-09-28T14:18:08Z,
Cigna,Cigna,CA,,ca-total-savings-3-tier-cdi.pdf,drug_list,https://www.cigna.com/static/www-cigna-com/docs/ifp/ca-total-savings-3-tier-cdi.pdf,https://www.cigna.com/individuals-families/member-guide/prescription-drug-lists,seed -> page -> anchor -> document (California Total Savings 3 Tier* (CDI) [PDF]),pdf,,,2026-06-30,200,c1ee60421d78b2d52fc8311131709b229603d647a8aef9cdafb4161f822f8845,5164549,N,static,html_anchor|pdf_metadata|pdf_text|filename|url_pattern,0.80,2026-09-28T14:23:18Z,
Cigna,Cigna,CA,,ca-value-3-tier-cdi.pdf,drug_list,https://www.cigna.com/static/www-cigna-com/docs/ifp/ca-value-3-tier-cdi.pdf,https://www.cigna.com/individuals-families/member-guide/prescription-drug-lists,seed -> page -> anchor -> document (California Value 3 Tier* (CDI) [PDF]),pdf,,,2026-06-30,200,6f2db326a307561936a36afb93a04e30cf43ff53c3b77c4c86595ca8a295da75,5956024,N,static,html_anchor|pdf_metadata|pdf_text|filename|url_pattern,0.80,2026-09-28T14:18:22Z,
Cigna,Cigna,CA,,ca-value-3-tier-dhmc.pdf,drug_list,https://www.cigna.com/static/www-cigna-com/docs/ifp/ca-value-3-tier-dhmc.pdf,https://www.cigna.com/individuals-families/member-guide/prescription-drug-lists,seed -> page -> anchor -> document (California Value 3 Tier* (DMHC) [PDF]),pdf,,,2026-06-30,200,8d993a134f98e8d098d3b6cf801f249b16b596dafaf53b0e4230ca26e52e19b2,5706742,N,static,html_anchor|pdf_metadata|pdf_text|filename|url_pattern,0.80,2026-09-28T14:18:49Z,
Cigna,Cigna,CA,,ca-value-4-tier-spec-cdi.pdf,drug_list,https://www.cigna.com/static/www-cigna-com/docs/ifp/ca-value-4-tier-spec-cdi.pdf,https://www.cigna.com/individuals-families/member-guide/prescription-drug-lists,seed -> page -> anchor -> document (California Value 4 Tier* (all specialty medications covered on tier 4) (CDI) [PD),pdf,,,2026-06-30,200,bcaaa27b42ed96f43186d7d9ae871ee8b09fdd29e23dc6dd9f22611a9100d949,5743140,N,static,html_anchor|pdf_metadata|pdf_text|filename|url_pattern,0.80,2026-09-28T14:19:11Z,
Cigna,Cigna,CA,,ca-value-4-tier-spec-dhmc.pdf,drug_list,https://www.cigna.com/static/www-cigna-com/docs/ifp/ca-value-4-tier-spec-dhmc.pdf,https://www.cigna.com/individuals-families/member-guide/prescription-drug-lists,seed -> page -> anchor -> document (California Value 4 Tier* (all specialty medications covered on tier 4) (DMHC) [P),pdf,,,2026-06-30,200,d425f8d2ddae587496b0ff9bdad34732be5d39c54df92afc4af090ec95f476fb,5748435,N,static,html_anchor|pdf_metadata|pdf_text|filename|url_pattern,0.80,2026-09-28T14:19:23Z,
Cigna,Cigna,,,cigna-national-preferred-formulary-abridged.pdf,drug_list,https://www.cigna.com/static/www-cigna-com/docs/ifp/cigna-national-preferred-formulary-abridged.pdf,https://www.cigna.com/individuals-families/member-guide/prescription-drug-lists,seed -> page -> anchor -> document (3 Tier Abridged [PDF]),pdf,,,2026-05-07,200,7bd749626418b4158af3f6280951f940d9c4fd0258d98780c043b0ec150b6a20,139762,N,static,html_anchor|pdf_metadata|pdf_text|filename,0.95,2026-09-28T14:15:24Z,
Cigna,Cigna,,,diabetic-supplies-legacy.pdf,drug_list,https://www.cigna.com/static/www-cigna-com/docs/ifp/diabetic-supplies-legacy.pdf,https://www.cigna.com/individuals-families/member-guide/prescription-drug-lists,seed -> page -> anchor -> document (Preventive Diabetes Supplies (for the Legacy Standard and Legacy Performance Dru),pdf,,,2026-09-14,200,6971cad95397341e39eba2417cba3434e51947de7e0a6d5fb7db5f34259da4f9,73743,N,static,html_anchor|pdf_metadata|pdf_text|filename,0.80,2026-09-28T14:17:16Z,
Cigna,Cigna,,,diabetic-supplies-std-val-per-adv.pdf,drug_list,https://www.cigna.com/static/www-cigna-com/docs/ifp/diabetic-supplies-std-val-per-adv.pdf,https://www.cigna.com/individuals-families/member-guide/prescription-drug-lists,"seed -> page -> anchor -> document (Preventive Diabetes Supplies (for the Standard, Value, Performance, and Advantag)",pdf,,,2026-09-14,200,b05b3b72fd1874609494ec30e216427959a5e7eea4e63fed32a45de70816926a,71758,N,static,html_anchor|pdf_metadata|pdf_text|filename,0.80,2026-09-28T14:17:14Z,
Cigna,Cigna,,,generic-preventive.pdf,drug_list,https://www.cigna.com/static/www-cigna-com/docs/ifp/generic-preventive.pdf,https://www.cigna.com/individuals-families/member-guide/prescription-drug-lists,seed -> page -> anchor -> document (Preventive Generics Drug List [PDF]),pdf,,,2026-09-14,200,46b75b412b260a9d02590796326a81eb8d88d7ade2075af23d90350ed61bb13b,96776,N,static,html_anchor|pdf_metadata|pdf_text|filename,0.80,2026-09-28T14:16:45Z,
Cigna,Cigna,,,genericpreventive-standard-for-cnpf.pdf,drug_list,https://www.cigna.com/static/www-cigna-com/docs/ifp/genericpreventive-standard-for-cnpf.pdf,https://www.cigna.com/individuals-families/member-guide/prescription-drug-lists,seed -> page -> anchor -> document (Preventive Generics Drug List – Standard (for the Cigna National Preferred Drug ),pdf,,,2026-05-15,200,cea24cb1dc49d4136288b9b977004a36df13990fd38bb5d64ae8ac0d6bfd9314,102543,N,static,html_anchor|pdf_metadata|pdf_text|filename,0.80,2026-09-28T14:16:47Z,
Cigna,Cigna,,,genericpreventive-standardplus-for-cnpf.pdf,drug_list,https://www.cigna.com/static/www-cigna-com/docs/ifp/genericpreventive-standardplus-for-cnpf.pdf,https://www.cigna.com/individuals-families/member-guide/prescription-drug-lists,seed -> page -> anchor -> document (Preventive Generics Drug List – Standard Plus (for the Cigna National Preferred ),pdf,,,2026-05-15,200,ef7d0f10c96296a6d019286729019ad5129001be1b91edee864cc59793b5d5b7,105080,N,static,html_anchor|pdf_metadata|pdf_text|filename,0.80,2026-09-28T14:16:49Z,
Cigna,Cigna,,,hcr-prev-coverage-zero-dollar-ppaca-preventive.pdf,drug_list,https://www.cigna.com/static/www-cigna-com/docs/ifp/hcr-prev-coverage-zero-dollar-ppaca-preventive.pdf,https://www.cigna.com/individuals-families/member-guide/prescription-drug-lists,seed -> page -> anchor -> document (PPACA No Cost-Share Preventive Drug List [PDF]),pdf,,,2026-09-14,200,b049a7d6b921a01a4575d528c5f199ea026f87dab8509bb3ff80624446c6b762,128427,N,static,html_anchor|pdf_metadata|pdf_text|filename,0.80,2026-09-28T14:16:41Z,
Cigna,Cigna,,,legacy-3-tier.pdf,drug_list,https://www.cigna.com/static/www-cigna-com/docs/ifp/legacy-3-tier.pdf,https://www.cigna.com/individuals-families/member-guide/prescription-drug-lists,seed -> page -> anchor -> document (3 Tier [PDF]),pdf,,,2026-09-17,200,2d2b4ea8123161ed1719e95699983d6bef3dbc601ff0394e5e0df6dfd3b7b568,1096775,N,static,html_anchor|pdf_metadata|pdf_text|filename,0.80,2026-09-28T14:14:59Z,
Cigna,Cigna,,,legacy-4-tier-spec.pdf,drug_list,https://www.cigna.com/static/www-cigna-com/docs/ifp/legacy-4-tier-spec.pdf,https://www.cigna.com/individuals-families/member-guide/prescription-drug-lists,seed -> page -> anchor -> document (4 Tier (all specialty medications covered on tier 4) [PDF]),pdf,,,2026-09-17,200,9f51825220cec01275be96d5214d8f1aca14a1ff1665510c76ed1813ec52ee5e,1099139,N,static,html_anchor|pdf_metadata|pdf_text|filename,0.80,2026-09-28T14:15:07Z,
Cigna,Cigna,,,legacy-performance-3-tier.pdf,drug_list,https://www.cigna.com/static/www-cigna-com/docs/ifp/legacy-performance-3-tier.pdf,https://www.cigna.com/individuals-families/member-guide/prescription-drug-lists,seed -> page -> anchor -> document (3 Tier [PDF]),pdf,,,2026-09-17,200,ad0de8d6fe3a4053f8e735861169033f185fc4ac9c24223c5066360c255fde6c,1133914,N,static,html_anchor|pdf_metadata|pdf_text|filename,0.80,2026-09-28T14:15:13Z,
Cigna,Cigna,,,legacy-performance-4-tier.pdf,drug_list,https://www.cigna.com/static/www-cigna-com/docs/ifp/legacy-performance-4-tier.pdf,https://www.cigna.com/individuals-families/member-guide/prescription-drug-lists,seed -> page -> anchor -> document (4 Tier (all specialty medications covered on tier 4) [PDF]),pdf,,,2026-09-17,200,f8fa5332e4033b05968750cc9b80b9cbdcb5aee8735eea41c0ca5dbd0333839b,1132798,N,static,html_anchor|pdf_metadata|pdf_text|filename,0.80,2026-09-28T14:15:18Z,
Cigna,Cigna,,,m-26-fly-all-988099-ifp-diabetes-care-solutions-broker-customer-flyer.pdf,drug_list,https://www.cigna.com/static/www-cigna-com/docs/ifp/m-26-fly-all-988099-ifp-diabetes-care-solutions-broker-customer-flyer.pdf,https://www.cigna.com/individuals-families/member-guide/prescription-drug-lists,seed -> page -> anchor -> document (IFP Diabetes Care Solutions [PDF]),pdf,,,2025-11-12,200,610a761f7827ae9f91a0df39579d1fc7ed1ef98c7a60ccdde9d8a727f81d89a2,217690,N,static,html_anchor|pdf_metadata|pdf_text|filename,0.80,2026-09-28T14:08:51Z,
Cigna,Cigna,,,m-26-rx-all-971315-step-therapy-faq-flyer.pdf,pa_list,https://www.cigna.com/static/www-cigna-com/docs/ifp/m-26-rx-all-971315-step-therapy-faq-flyer.pdf,https://www.cigna.com/individuals-families/member-guide/prescription-drug-lists,seed -> page -> anchor -> document (Step Therapy - Frequently Asked Questions (FAQ) Flyer [PDF]),pdf,,,2025-10-14,200,d3104f2e9961c7821ff1c7f77132d2e1f5e8be4dc1284857ab5846a25c58b915,65510,N,static,html_anchor|pdf_metadata|pdf_text|filename,0.80,2026-09-28T14:08:57Z,
Cigna,Cigna,,,m-26-rx-all-971316-step-therapy-plus-premiere-flyer.pdf,pa_list,https://www.cigna.com/static/www-cigna-com/docs/ifp/m-26-rx-all-971316-step-therapy-plus-premiere-flyer.pdf,https://www.cigna.com/individuals-families/member-guide/prescription-drug-lists,seed -> page -> anchor -> document (Step Therapy - Plus/Premiere Flyer [PDF]),pdf,,,2025-10-14,200,a764a2f35c227b54fd405ec1a73706e795918deb53e062c54ee1f27dd3287be2,84990,N,static,html_anchor|pdf_metadata|pdf_text|filename,0.80,2026-09-28T14:08:59Z,
Cigna,Cigna,,,m-26-rx-all-971321-utilization-management-flyer.pdf,drug_list,https://www.cigna.com/static/www-cigna-com/docs/ifp/m-26-rx-all-971321-utilization-management-flyer.pdf,https://www.cigna.com/individuals-families/member-guide/prescription-drug-lists,seed -> page -> anchor -> document (Utilization Management Flyer [PDF]),pdf,,,2025-10-14,200,b50bf366d3ab48f5eb04f933522dc9347b84351ce4d7f3a76c98305430065de5,65386,N,static,html_anchor|pdf_metadata|pdf_text|filename,0.80,2026-09-28T14:09:06Z,
Cigna,Cigna,,,m-26-rx-all-971328-rx-benefits-overview-flyer-wag-advantage-markets.pdf,drug_list,https://www.cigna.com/static/www-cigna-com/docs/ifp/m-26-rx-all-971328-rx-benefits-overview-flyer-wag-advantage-markets.pdf,https://www.cigna.com/individuals-families/member-guide/prescription-drug-lists,seed -> page -> anchor -> document (Rx Benefits Overview Flyer - Walgreens Advantage Markets [PDF]),pdf,,,2025-10-16,200,dd854f7a082e1d0bd8431f4dcaa0688c4ac6273f36d6cca6f89ef615ce293117,157161,N,static,html_anchor|pdf_metadata|pdf_text|filename,0.80,2026-09-28T14:09:14Z,
Cigna,Cigna,,,m-26-rx-all-971329-rx-benefits-overview-flyer-cigna-90-now.pdf,drug_list,https://www.cigna.com/static/www-cigna-com/docs/ifp/m-26-rx-all-971329-rx-benefits-overview-flyer-cigna-90-now.pdf,https://www.cigna.com/individuals-families/member-guide/prescription-drug-lists,seed -> page -> anchor -> document (Rx Benefits Overview Flyer - Cigna 90 Now [PDF]),pdf,,,2025-10-14,200,de4525abfec06cfe31283cebebbb3923a2c248972e8d4591e7cf75ed4e3dae71,135926,N,static,html_anchor|pdf_metadata|pdf_text|filename,0.80,2026-09-28T14:09:16Z,
Cigna,Cigna,,,m-26-rx-all-971336-ifp-diabetes-care-supplies-customer-flyer.pdf,drug_list,https://www.cigna.com/static/www-cigna-com/docs/ifp/m-26-rx-all-971336-ifp-diabetes-care-supplies-customer-flyer.pdf,https://www.cigna.com/individuals-families/member-guide/prescription-drug-lists,seed -> page -> anchor -> document (IFP Diabetes Care Supplies [PDF]),pdf,,,2025-11-18,200,aee7a6cacd48193276e3f6188b988275e7cd548fbd9e944021b8abbebba365c6,446840,N,static,html_anchor|pdf_metadata|pdf_text|filename,0.80,2026-09-28T14:08:50Z,
Cigna,Cigna,,,m-26-rx-all-989893-ifp-prevcoverage-no-cost-share-preventive.pdf,drug_list,https://www.cigna.com/static/www-cigna-com/docs/ifp/m-26-rx-all-989893-ifp-prevcoverage-no-cost-share-preventive.pdf,https://www.cigna.com/individuals-families/member-guide/prescription-drug-lists,seed -> page -> anchor -> document (IFP PPACA No Cost-Share Preventive [PDF]),pdf,,,2026-04-01,200,97cca21fc8c65ff2f67f079e4fe7c83d0e847a4cec7fbc09896d76b93c6a8a7c,843869,N,static,html_anchor|pdf_metadata|pdf_text|filename,0.80,2026-09-28T14:09:27Z,
Cigna,Cigna,,,m-26-rx-all-989894-2026-ifp-prescription-drug-list-changes.pdf,drug_list,https://www.cigna.com/static/www-cigna-com/docs/ifp/m-26-rx-all-989894-2026-ifp-prescription-drug-list-changes.pdf,https://www.cigna.com/individuals-families/member-guide/prescription-drug-lists,seed -> page -> anchor -> document (IFP Prescription Drug List Changes [PDF]),pdf,,,2026-05-28,200,ac6b1f715ae2b03fe3e7ef1b0871bd2af8707f512f1de96f5f047dd839d22334,1287085,N,static,html_anchor|url_pattern|pdf_metadata|pdf_text|filename,0.80,2026-09-28T14:09:31Z,
Cigna,Cigna,AZ,,m-26-rx-az-989887-cigna-rx-premiere-4-tier-pdl.pdf,drug_list,https://www.cigna.com/static/www-cigna-com/docs/ifp/m-26-rx-az-989887-cigna-rx-premiere-4-tier-pdl.pdf,https://www.cigna.com/individuals-families/member-guide/prescription-drug-lists,seed -> page -> anchor -> document (Cigna Premiere 4 Tier Prescription Drug List AZ [PDF]),pdf,,,2026-05-31,200,3c5ae78d10f29026d0c7332405409f950fd5885f7cc0990bcb4811cd705e85b1,2712947,N,static,html_anchor|url_pattern|pdf_metadata|pdf_text|filename|url_pattern,0.95,2026-09-28T14:12:16Z,
Cigna,Cigna,AZ,,m-26-rx-az-989888-cigna-rx-premiere-5-tier-pdl.pdf,drug_list,https://www.cigna.com/static/www-cigna-com/docs/ifp/m-26-rx-az-989888-cigna-rx-premiere-5-tier-pdl.pdf,https://www.cigna.com/individuals-families/member-guide/prescription-drug-lists,seed -> page -> anchor -> document (Cigna Premiere 5 Tier Prescription Drug List AZ [PDF]),pdf,,,2026-05-31,200,8a0e9e74303bf072c12c892ce897e2a96af0ad0814ac458fba12c16df33638c2,2712699,N,static,html_anchor|url_pattern|pdf_metadata|pdf_text|filename|url_pattern,0.95,2026-09-28T14:09:38Z,
Cigna,Cigna,CO,,m-26-rx-co-971317-step-therapy-essential-flyer.pdf,drug_list,https://www.cigna.com/static/www-cigna-com/docs/ifp/m-26-rx-co-971317-step-therapy-essential-flyer.pdf,https://www.cigna.com/individuals-families/member-guide/prescription-drug-lists,seed -> page -> anchor -> document (Step Therapy - Essential Flyer (Colorado) [PDF]),pdf,,,2025-10-14,200,08892212b3a7d9774d91633da931892a267dc79a4978eecb2a94ec0918841be3,112196,N,static,html_anchor|pdf_metadata|pdf_text|filename|url_pattern,0.80,2026-09-28T14:09:00Z,
Cigna,Cigna,CO,,m-26-rx-co-989873-cigna-rx-essential-5-tier-pdl.pdf,drug_list,https://www.cigna.com/static/www-cigna-com/docs/ifp/m-26-rx-co-989873-cigna-rx-essential-5-tier-pdl.pdf,https://www.cigna.com/individuals-families/member-guide/prescription-drug-lists,seed -> page -> anchor -> document (Cigna Essential 5 Tier Prescription Drug List CO [PDF]),pdf,,,2026-05-31,200,ceeb9a156cecfa6f9c9a20427d6abc1baa5ce2143da25debdd754250988e4b98,2633981,N,static,html_anchor|url_pattern|pdf_metadata|pdf_text|filename|url_pattern,0.95,2026-09-28T14:09:46Z,
Cigna,Cigna,FL,,m-26-rx-fl-989874-cigna-rx-plus-4-tier-pdl.pdf,drug_list,https://www.cigna.com/static/www-cigna-com/docs/ifp/m-26-rx-fl-989874-cigna-rx-plus-4-tier-pdl.pdf,https://www.cigna.com/individuals-families/member-guide/prescription-drug-lists,seed -> page -> anchor -> document (Cigna Plus 4 Tier Prescription Drug List FL [PDF]),pdf,,,2026-05-31,200,00d4f79c412b3501228cfb16e17edad606f47b0eedf65241b56635dc2cd06715,2591316,N,static,html_anchor|url_pattern|pdf_metadata|pdf_text|filename|url_pattern,0.95,2026-09-28T14:12:34Z,
Cigna,Cigna,FL,,m-26-rx-fl-989875-cigna-rx-plus-5-tier-pdl.pdf,drug_list,https://www.cigna.com/static/www-cigna-com/docs/ifp/m-26-rx-fl-989875-cigna-rx-plus-5-tier-pdl.pdf,https://www.cigna.com/individuals-families/member-guide/prescription-drug-lists,seed -> page -> anchor -> document (Cigna Plus 5 Tier Prescription Drug List FL [PDF]),pdf,,,2026-05-31,200,edf8ce74cfb95892029da7817ec856a53983fa544f0b13d605b3efd22c40036d,2592513,N,static,html_anchor|url_pattern|pdf_metadata|pdf_text|filename|url_pattern,0.95,2026-09-28T14:10:01Z,
Cigna,Cigna,GA,,m-26-rx-ga-989876-cigna-rx-plus-5-tier-pdl.pdf,drug_list,https://www.cigna.com/static/www-cigna-com/docs/ifp/m-26-rx-ga-989876-cigna-rx-plus-5-tier-pdl.pdf,https://www.cigna.com/individuals-families/member-guide/prescription-drug-lists,seed -> page -> anchor -> document (Cigna Plus 5 Tier Prescription Drug List GA [PDF]),pdf,,,2026-05-31,200,52974d2d520e57ff20b4439863a3fe7faec95e555b747115964c04c4aa997de4,2585419,N,static,html_anchor|url_pattern|pdf_metadata|pdf_text|filename|url_pattern,0.95,2026-09-28T14:10:15Z,
Cigna,Cigna,IL,,m-26-rx-il-989877-cigna-rx-plus-4-tier-pdl.pdf,drug_list,https://www.cigna.com/static/www-cigna-com/docs/ifp/m-26-rx-il-989877-cigna-rx-plus-4-tier-pdl.pdf,https://www.cigna.com/individuals-families/member-guide/prescription-drug-lists,seed -> page -> anchor -> document (Cigna Plus 4 Tier Prescription Drug List IL [PDF]),pdf,,,2026-05-31,200,f03e70f8f8535a59d95d658a7b8ff55ce908ed311c2953c59648bbce78a8bd79,3057623,N,static,html_anchor|url_pattern|pdf_metadata|pdf_text|filename|url_pattern,0.95,2026-09-28T14:12:48Z,
Cigna,Cigna,IL,,m-26-rx-il-989878-cigna-rx-plus-5-tier-pdl.pdf,drug_list,https://www.cigna.com/static/www-cigna-com/docs/ifp/m-26-rx-il-989878-cigna-rx-plus-5-tier-pdl.pdf,https://www.cigna.com/individuals-families/member-guide/prescription-drug-lists,seed -> page -> anchor -> document (Cigna Plus 5 Tier Prescription Drug List IL [PDF]),pdf,,,2026-05-31,200,465abc6edbcc3840a1432572ac7df1e885d33d8d0ef53248a1f97c802b11278c,3038125,N,static,html_anchor|url_pattern|pdf_metadata|pdf_text|filename|url_pattern,0.95,2026-09-28T14:10:29Z,
Cigna,Cigna,IN,,m-26-rx-in-989889-cigna-rx-premiere-4-tier-pdl.pdf,drug_list,https://www.cigna.com/static/www-cigna-com/docs/ifp/m-26-rx-in-989889-cigna-rx-premiere-4-tier-pdl.pdf,https://www.cigna.com/individuals-families/member-guide/prescription-drug-lists,seed -> page -> anchor -> document (Cigna Premiere 4 Tier Prescription Drug List IN [PDF]),pdf,,,2026-05-31,200,efddf2f4afd814851bd3b19db47160eb6c20b9e6d6c4c6169e6653b84f49dc47,2588806,N,static,html_anchor|url_pattern|pdf_metadata|pdf_text|filename|url_pattern,0.95,2026-09-28T14:13:01Z,
Cigna,Cigna,IN,,m-26-rx-in-989890-cigna-rx-premiere-5-tier-pdl.pdf,drug_list,https://www.cigna.com/static/www-cigna-com/docs/ifp/m-26-rx-in-989890-cigna-rx-premiere-5-tier-pdl.pdf,https://www.cigna.com/individuals-families/member-guide/prescription-drug-lists,seed -> page -> anchor -> document (Cigna Premiere 5 Tier Prescription Drug List IN [PDF]),pdf,,,2026-05-31,200,b3983b3955e51c9a5130a9920831c8441018175de4347e70676c3fe6c419e301,2585025,N,static,html_anchor|url_pattern|pdf_metadata|pdf_text|filename|url_pattern,0.95,2026-09-28T14:10:38Z,
Cigna,Cigna,MS,,m-26-rx-ms-989879-cigna-rx-plus-4-tier-pdl.pdf,drug_list,https://www.cigna.com/static/www-cigna-com/docs/ifp/m-26-rx-ms-989879-cigna-rx-plus-4-tier-pdl.pdf,https://www.cigna.com/individuals-families/member-guide/prescription-drug-lists,seed -> page -> anchor -> document (Cigna Plus 4 Tier Prescription Drug List MS [PDF]),pdf,,,2026-05-31,200,b020004ab588530994f7e310b4ed1f16fd6f992a9c4605f13cb9d2e854f170f5,2722228,N,static,html_anchor|url_pattern|pdf_metadata|pdf_text|filename|url_pattern,0.95,2026-09-28T14:13:23Z,
Cigna,Cigna,MS,,m-26-rx-ms-989880-cigna-rx-plus-5-tier-pdl.pdf,drug_list,https://www.cigna.com/static/www-cigna-com/docs/ifp/m-26-rx-ms-989880-cigna-rx-plus-5-tier-pdl.pdf,https://www.cigna.com/individuals-families/member-guide/prescription-drug-lists,seed -> page -> anchor -> document (Cigna Plus 5 Tier Prescription Drug List MS [PDF]),pdf,,,2026-05-31,200,a8b4c6d8265dd7d194f3e5fd3483e375c9e8af5fc664f30f60d05293d45fd008,2702757,N,static,html_anchor|url_pattern|pdf_metadata|pdf_text|filename|url_pattern,0.95,2026-09-28T14:10:47Z,
Cigna,Cigna,NC,,m-26-rx-nc-989881-cigna-rx-plus-4-tier-pdl.pdf,drug_list,https://www.cigna.com/static/www-cigna-com/docs/ifp/m-26-rx-nc-989881-cigna-rx-plus-4-tier-pdl.pdf,https://www.cigna.com/individuals-families/member-guide/prescription-drug-lists,seed -> page -> anchor -> document (Cigna Plus 4 Tier Prescription Drug List NC [PDF]),pdf,,,2026-05-31,200,c422f8fba651bb3f9baa65078eb4bc9423d7fc94affb7ad0e89a92e43c970cc3,2613893,N,static,html_anchor|url_pattern|pdf_metadata|pdf_text|filename|url_pattern,0.95,2026-09-28T14:13:34Z,
Cigna,Cigna,NC,,m-26-rx-nc-989882-cigna-rx-plus-5-tier-pdl.pdf,drug_list,https://www.cigna.com/static/www-cigna-com/docs/ifp/m-26-rx-nc-989882-cigna-rx-plus-5-tier-pdl.pdf,https://www.cigna.com/individuals-families/member-guide/prescription-drug-lists,seed -> page -> anchor -> document (Cigna Plus 5 Tier Prescription Drug List NC [PDF]),pdf,,,2026-05-31,200,1b4ef2235535a246c90adf4c017832d16a02b74da53b0bc99455ff22ade73d00,2616717,N,static,html_anchor|url_pattern|pdf_metadata|pdf_text|filename|url_pattern,0.95,2026-09-28T14:11:03Z,
Cigna,Cigna,TN,,m-26-rx-tn-989883-cigna-rx-plus-4-tier-pdl.pdf,drug_list,https://www.cigna.com/static/www-cigna-com/docs/ifp/m-26-rx-tn-989883-cigna-rx-plus-4-tier-pdl.pdf,https://www.cigna.com/individuals-families/member-guide/prescription-drug-lists,seed -> page -> anchor -> document (Cigna Plus 4 Tier Prescription Drug List TN [PDF]),pdf,,,2026-05-31,200,a5883582c292c7898ef3c725811ef39c724550bbb585307b813017d7f58d20d6,2734735,N,static,html_anchor|url_pattern|pdf_metadata|pdf_text|filename|url_pattern,0.95,2026-09-28T14:13:43Z,
Cigna,Cigna,TN,,m-26-rx-tn-989884-cigna-rx-plus-5-tier-pdl.pdf,drug_list,https://www.cigna.com/static/www-cigna-com/docs/ifp/m-26-rx-tn-989884-cigna-rx-plus-5-tier-pdl.pdf,https://www.cigna.com/individuals-families/member-guide/prescription-drug-lists,seed -> page -> anchor -> document (Cigna Plus 5 Tier Prescription Drug List TN [PDF]),pdf,,,2026-05-31,200,79310522d7ef6b237645c6e522b87f21bedd05edc74a928af3dc332501a05f9d,2569076,N,static,html_anchor|url_pattern|pdf_metadata|pdf_text|filename|url_pattern,0.95,2026-09-28T14:11:13Z,
Cigna,Cigna,TX,,m-26-rx-tx-971335-texas-flyer.pdf,drug_list,https://www.cigna.com/static/www-cigna-com/docs/ifp/m-26-rx-tx-971335-texas-flyer.pdf,https://www.cigna.com/individuals-families/member-guide/prescription-drug-lists,seed -> page -> anchor -> document (Texas - Summary of Formulary Benefits Flyer [PDF]),pdf,,,2025-09-17,200,ef6588b9e6147b08bdd856f988e8c912c01fcdb6cc0b4b71edbd265989aa85da,106241,N,static,html_anchor|pdf_metadata|pdf_text|filename|url_pattern,0.80,2026-09-28T14:09:18Z,
Cigna,Cigna,TX,,m-26-rx-tx-989885-cigna-rx-plus-4-tier-pdl.pdf,drug_list,https://www.cigna.com/static/www-cigna-com/docs/ifp/m-26-rx-tx-989885-cigna-rx-plus-4-tier-pdl.pdf,https://www.cigna.com/individuals-families/member-guide/prescription-drug-lists,seed -> page -> anchor -> document (Cigna Plus 4 Tier Prescription Drug List TX [PDF]),pdf,,,2026-05-31,200,8be6cc210f392b2d2b4eaa4e044cd5438a9a85ab50a0cb6f56cadb0023e13f88,2714360,N,static,html_anchor|url_pattern|pdf_metadata|pdf_text|filename|url_pattern,0.95,2026-09-28T14:13:54Z,
Cigna,Cigna,TX,,m-26-rx-tx-989886-cigna-rx-plus-5-tier-pdl.pdf,drug_list,https://www.cigna.com/static/www-cigna-com/docs/ifp/m-26-rx-tx-989886-cigna-rx-plus-5-tier-pdl.pdf,https://www.cigna.com/individuals-families/member-guide/prescription-drug-lists,seed -> page -> anchor -> document (Cigna Plus 5 Tier Prescription Drug List TX [PDF]),pdf,,,2026-05-31,200,bdfb745594e226555d55ad8a9f4f6fedfef7bf686e8db1436d0ff872fc6649ca,2719709,N,static,html_anchor|url_pattern|pdf_metadata|pdf_text|filename|url_pattern,0.95,2026-09-28T14:11:44Z,
Cigna,Cigna,VA,,m-26-rx-va-989891-cigna-rx-premiere-4-tier-pdl.pdf,drug_list,https://www.cigna.com/static/www-cigna-com/docs/ifp/m-26-rx-va-989891-cigna-rx-premiere-4-tier-pdl.pdf,https://www.cigna.com/individuals-families/member-guide/prescription-drug-lists,seed -> page -> anchor -> document (Cigna Essential 4 Tier Prescription Drug List VA [PDF]),pdf,,,2026-05-31,200,4e68b6638f489bf8dfa6331db5712b84c43846304e0967df6fd99aa54aef589b,2684052,N,static,html_anchor|url_pattern|pdf_metadata|pdf_text|filename|url_pattern,0.95,2026-09-28T14:14:11Z,
Cigna,Cigna,VA,,m-26-rx-va-989892-cigna-rx-premiere-5-tier-pdl.pdf,drug_list,https://www.cigna.com/static/www-cigna-com/docs/ifp/m-26-rx-va-989892-cigna-rx-premiere-5-tier-pdl.pdf,https://www.cigna.com/individuals-families/member-guide/prescription-drug-lists,seed -> page -> anchor -> document (Cigna Premiere 5 Tier Prescription Drug List VA [PDF]),pdf,,,2026-05-31,200,353f51dc8037c9b4e1e8489824ed58989e3b302cde82712f4dffad3fd41a8141,2685984,N,static,html_anchor|url_pattern|pdf_metadata|pdf_text|filename|url_pattern,0.95,2026-09-28T14:12:03Z,
Cigna,Cigna,,,performance-3-tier.pdf,drug_list,https://www.cigna.com/static/www-cigna-com/docs/ifp/performance-3-tier.pdf,https://www.cigna.com/individuals-families/member-guide/prescription-drug-lists,seed -> page -> anchor -> document (3 Tier [PDF]),pdf,,,2026-09-17,200,44ddadbf4deaab3e4327b2264c2b6b36a0080c964905cd136de48fdab10f53ec,932184,N,static,html_anchor|pdf_metadata|pdf_text|filename,0.80,2026-09-28T14:14:31Z,
Cigna,Cigna,,,performance-4tier-spec.pdf,drug_list,https://www.cigna.com/static/www-cigna-com/docs/ifp/performance-4tier-spec.pdf,https://www.cigna.com/individuals-families/member-guide/prescription-drug-lists,seed -> page -> anchor -> document (4 Tier (all specialty medications covered on tier 4) [PDF]),pdf,,,2026-09-17,200,9ddc96efc8d8793625564cb7eec62e25a697acd6629bbde4fbb13a1288672541,934027,N,static,html_anchor|pdf_metadata|pdf_text|filename,0.80,2026-09-28T14:14:39Z,
Cigna,Cigna,,,ppaca-zerodollar-prevcoverage-for-cnpf.pdf,drug_list,https://www.cigna.com/static/www-cigna-com/docs/ifp/ppaca-zerodollar-prevcoverage-for-cnpf.pdf,https://www.cigna.com/individuals-families/member-guide/prescription-drug-lists,seed -> page -> anchor -> document (PPACA No Cost-Share Preventive Drug List (for the Cigna National Preferred Drug ),pdf,,,2026-05-15,200,ec18c111cf53db2a14e5be86ccba30cf512b1aa4477bf3abbbcd9bd14f0dacac,129942,N,static,html_anchor|pdf_metadata|pdf_text|filename,0.80,2026-09-28T14:16:43Z,
Cigna,Cigna,,,prev-gen-and-pb-for-legacy.pdf,drug_list,https://www.cigna.com/static/www-cigna-com/docs/ifp/prev-gen-and-pb-for-legacy.pdf,https://www.cigna.com/individuals-families/member-guide/prescription-drug-lists,seed -> page -> anchor -> document (Preventive Generics and Preferred Brands Drug List (for the Cigna Legacy (Standa),pdf,,,2026-09-14,200,63b4d495327713da65a533d480069338c2869eee612f1e724f02d7124a839626,106841,N,static,html_anchor|pdf_metadata|pdf_text|filename,0.80,2026-09-28T14:16:55Z,
Cigna,Cigna,,,prev-gen-and-pb-for-std-perf.pdf,drug_list,https://www.cigna.com/static/www-cigna-com/docs/ifp/prev-gen-and-pb-for-std-perf.pdf,https://www.cigna.com/individuals-families/member-guide/prescription-drug-lists,seed -> page -> anchor -> document (Preventive Generics and Preferred Brands Drug List (for the Cigna Standard and P),pdf,,,2026-09-14,200,2fd517f4a8ba529c04479eca67ad866448a7306fb177cdad65e5a5490e6e260f,105713,N,static,html_anchor|pdf_metadata|pdf_text|filename,0.80,2026-09-28T14:16:51Z,
Cigna,Cigna,,,prev-gen-and-pb-for-value-adv.pdf,drug_list,https://www.cigna.com/static/www-cigna-com/docs/ifp/prev-gen-and-pb-for-value-adv.pdf,https://www.cigna.com/individuals-families/member-guide/prescription-drug-lists,seed -> page -> anchor -> document (Preventive Generics and Preferred Brands Drug List (for the Cigna Value and Adva),pdf,,,2026-09-14,200,b2bf9087102f749e3ecd7206266d97d9c1395e661f76699b5875105e045bc04a,105243,N,static,html_anchor|pdf_metadata|pdf_text|filename,0.80,2026-09-28T14:16:53Z,
Cigna,Cigna,,,prev-gen-and-pb-standard-for-cnpf.pdf,drug_list,https://www.cigna.com/static/www-cigna-com/docs/ifp/prev-gen-and-pb-standard-for-cnpf.pdf,https://www.cigna.com/individuals-families/member-guide/prescription-drug-lists,seed -> page -> anchor -> document (Preventive Generics and Preferred Brands Drug List - Standard (for the Cigna Nat),pdf,,,2026-05-15,200,c101661c281817a36db3ef28010573a9ab32ea94eef62687bd82ac4d3e67c7d8,121460,N,static,html_anchor|pdf_metadata|pdf_text|filename,0.80,2026-09-28T14:17:09Z,
Cigna,Cigna,,,prev-gen-and-pb-standardplus-for-cnpf.pdf,drug_list,https://www.cigna.com/static/www-cigna-com/docs/ifp/prev-gen-and-pb-standardplus-for-cnpf.pdf,https://www.cigna.com/individuals-families/member-guide/prescription-drug-lists,seed -> page -> anchor -> document (Preventive Generics and Preferred Brands Drug List - Standard Plus (for the Cign),pdf,,,2026-05-15,200,feeef871cf2ba6e0aa1e771b95280eec39b98a65af29f0ac4c0d2f8312b3b57c,134429,N,static,html_anchor|pdf_metadata|pdf_text|filename,0.80,2026-09-28T14:17:11Z,
Cigna,Cigna,,,prev-plus-optional-categories.pdf,drug_list,https://www.cigna.com/static/www-cigna-com/docs/ifp/prev-plus-optional-categories.pdf,https://www.cigna.com/individuals-families/member-guide/prescription-drug-lists,seed -> page -> anchor -> document (Preventive Optional Categories [PDF]),pdf,,,2026-09-14,200,4e96b4f9477a8313da2957527db354d4d5917ee181ab6a815bf8d0ebecaa8b39,79338,N,static,html_anchor|pdf_metadata|pdf_text|filename,0.80,2026-09-28T14:17:13Z,
Cigna,Cigna,,,standard-3-tier.pdf,drug_list,https://www.cigna.com/static/www-cigna-com/docs/ifp/standard-3-tier.pdf,https://www.cigna.com/individuals-families/member-guide/prescription-drug-lists,seed -> page -> anchor -> document (3 Tier [PDF]),pdf,,,2026-09-17,200,37a7ab61b395c614ba17d3802410539f512a583540dcd48979ad6d41efc1dc5d,896174,N,static,html_anchor|pdf_metadata|pdf_text|filename,0.80,2026-09-28T14:14:15Z,
Cigna,Cigna,,,standard-4-tier-spec.pdf,drug_list,https://www.cigna.com/static/www-cigna-com/docs/ifp/standard-4-tier-spec.pdf,https://www.cigna.com/individuals-families/member-guide/prescription-drug-lists,seed -> page -> anchor -> document (4 Tier (all specialty medications covered on tier 4) [PDF]),pdf,,,2026-09-27,200,c1ed9bfd46c4ada209c3fb572a586288596d2fdf8ef20d083220947e49531151,896886,N,static,html_anchor|pdf_metadata|pdf_text|filename,0.80,2026-09-28T14:14:19Z,
Cigna,Cigna,,,total-savings-3-tier.pdf,drug_list,https://www.cigna.com/static/www-cigna-com/docs/ifp/total-savings-3-tier.pdf,https://www.cigna.com/individuals-families/member-guide/prescription-drug-lists,seed -> page -> anchor -> document (3 Tier [PDF]),pdf,,,2026-09-17,200,1dad5b15ffcad81b19ed25e8889e5596ae1f8cf580c35c83abd847f2609a4543,840870,N,static,html_anchor|pdf_metadata|pdf_text|filename,0.80,2026-09-28T14:15:22Z,
Cigna,Cigna,,,value-3-tier.pdf,drug_list,https://www.cigna.com/static/www-cigna-com/docs/ifp/value-3-tier.pdf,https://www.cigna.com/individuals-families/member-guide/prescription-drug-lists,seed -> page -> anchor -> document (3 Tier [PDF]),pdf,,,2026-09-17,200,89c5ca8286e6e5970e828d7737f8cc9f6678ba63517a114893b78ba50e0378b3,877147,N,static,html_anchor|pdf_metadata|pdf_text|filename,0.80,2026-09-28T14:14:23Z,
Cigna,Cigna,,,value-4-tier-spec.pdf,drug_list,https://www.cigna.com/static/www-cigna-com/docs/ifp/value-4-tier-spec.pdf,https://www.cigna.com/individuals-families/member-guide/prescription-drug-lists,seed -> page -> anchor -> document (4 Tier (all specialty medications covered on tier 4) [PDF]),pdf,,,2026-09-17,200,fdb5b1281dcbf6288e0d8c2d073e6d8e5cdbb86b1ec9842ea9d2d58582ef7a60,878904,N,static,html_anchor|pdf_metadata|pdf_text|filename,0.80,2026-09-28T14:14:28Z,
Cigna,Cigna,GA,,csg-26-rx-all-ga-tn-preventive-drug-list.pdf,drug_list,https://www.cigna.com/static/www-cigna-com/docs/small-group/csg-26-rx-all-ga-tn-preventive-drug-list.pdf,https://www.cigna.com/individuals-families/member-guide/prescription-drug-lists,seed -> page -> anchor -> document (Preventive Drug List for Cigna Healthcare Small Group Plans [PDF]),pdf,,,2025-10-22,200,5f854f306711387c6282fa7a68cb7bcd0060ab90eda597632943e4f35d98b654,858441,N,static,html_anchor|url_pattern|pdf_metadata|pdf_text|filename|url_pattern,0.80,2026-09-28T14:16:39Z,
Cigna,Cigna,,,csg-26-rx-all-ppaca-no-cost-share-preventive.pdf,drug_list,https://www.cigna.com/static/www-cigna-com/docs/small-group/csg-26-rx-all-ppaca-no-cost-share-preventive.pdf,https://www.cigna.com/individuals-families/member-guide/prescription-drug-lists,seed -> page -> anchor -> document (2026 PPACA No-Cost Share [PDF]),pdf,,,2025-10-17,200,8502245c60d83f2ba5c0c08b69a0b5e9d28f3e1e1bb6b9251b729b7f5e3bc8f3,889793,N,static,html_anchor|pdf_metadata|pdf_text|filename,0.80,2026-09-28T14:16:30Z,
Cigna,Cigna,AZ,,csg-26-rx-az-cigna-5-tier-pdl.pdf,drug_list,https://www.cigna.com/static/www-cigna-com/docs/small-group/csg-26-rx-az-cigna-5-tier-pdl.pdf,https://www.cigna.com/individuals-families/member-guide/prescription-drug-lists,seed -> page -> anchor -> document (Arizona 5 Tier Pharmacy Drug List [PDF]),pdf,,,2025-10-17,200,1433ac62462f757509029c2170e45b6d6d212a792168be1f46eee1c56931447c,3798530,N,static,html_anchor|url_pattern|pdf_metadata|pdf_text|filename|url_pattern,0.95,2026-09-28T14:15:46Z,
Cigna,Cigna,GA,,csg-26-rx-ga-cigna-5-tier-pdl.pdf,drug_list,https://www.cigna.com/static/www-cigna-com/docs/small-group/csg-26-rx-ga-cigna-5-tier-pdl.pdf,https://www.cigna.com/individuals-families/member-guide/prescription-drug-lists,seed -> page -> anchor -> document (Georgia 5 Tier Pharmacy Drug List [PDF]),pdf,,,2025-10-17,200,ce02c8041904102a9be63fb9237055e21e4e7cbdeef25227626ece57570e56e7,3794778,N,static,html_anchor|url_pattern|pdf_metadata|pdf_text|filename|url_pattern,0.95,2026-09-28T14:16:07Z,
Cigna,Cigna,TN,,csg-26-rx-tn-cigna-5-tier-pdl.pdf,drug_list,https://www.cigna.com/static/www-cigna-com/docs/small-group/csg-26-rx-tn-cigna-5-tier-pdl.pdf,https://www.cigna.com/individuals-families/member-guide/prescription-drug-lists,seed -> page -> anchor -> document (Tennessee 5 Tier Pharmacy Drug List [PDF]),pdf,,,2025-10-17,200,20481c3684b0f261942d78af5ccd403b70bbbcb02d917d399c869029b66029d1,3367252,N,static,html_anchor|url_pattern|pdf_metadata|pdf_text|filename|url_pattern,0.95,2026-09-28T14:16:24Z,
Highmark,Highmark,,Medicaid,Wholecare Home,pa_list,https://providers.highmark.com/wholecare,https://www.highmark.com/content/digital-marketing/en/highmark/highmarkdotcom/home/contact,seed -> page -> anchor -> document (Provider &amp; Clinical Service Contact Information),html,,,2026-09-28,200,6bbec98cc3d7cbeb47e1fc5ae536b95756fcb31e98a174bf5e3853c88821cdee,112006,N,static,html_anchor|html_title|html_text|title,0.80,2026-09-28T14:30:12Z,
UHC,UHC,CO,,Microsoft Word - DRAFT Proposed Amended Regulation 4-2-49 -clean - for adoption,pa_list,https://business.optum.com/content/dam/noindex-resources/business/pdfs/forms/co-pa-form-011626.pdf,https://www.uhcprovider.com/en/resource-library/provider-forms.html,seed -> page -> anchor -> document (Colorado prior authorization form for prescription benefits),pdf,,,2026-01-16,200,b42195da22485c4e8fc7422c2af66d1639ed61a1181a43e58057b9a9fe8ae25f,302789,N,static,html_anchor|True|pdf_metadata|pdf_text|title|url_pattern,0.80,2026-09-28T14:07:36Z,
UHC,UHC,,,General_UHC.pdf,pa_list,https://www.optum.com/content/dam/optum3/professional-optumrx/resources/pdfs/UHCEnI/General_UHC.pdf,https://www.uhcprovider.com/en/resource-library/provider-forms.html,seed -> page -> anchor -> document (PDF),pdf,,,2025-05-22,200,a9b9833fe79837cb7a9e9724c44bb1dc1a558fb8e4b60249e6e7f97b3ff991fc,148057,N,static,html_anchor|pdf_metadata|pdf_text|filename,0.80,2026-09-28T14:07:33Z,
UHC,UHC,,Medicare Advantage,"2025 UnitedHealthcare Care Provider Administrative Guide for Commercial, Exchange, and Medicare Advantage",pa_list,https://www.uhcprovider.com/content/dam/provider/docs/public/admin-guides/2025-UHC-Administrative-Guide.pdf,https://www.uhcprovider.com/en/admin-guides.html,seed -> page -> anchor -> document (2025 UnitedHealthcare Care Provider Administrative Guide),pdf,,"April 1, 2025",2025-07-16,200,0c853510cbc3e2729a8c4b599e171e89a9dbfd98999085c5025aa2e68d1d78f7,4834393,N,static,html_anchor|True|pdf_metadata|pdf_text|labeled_text|title,0.80,2026-09-28T14:04:03Z,
UHC,UHC,,Medicare Advantage,"2026 UnitedHealthcare Care Provider Administrative Guide for Commercial, Individual Exchange, and Medicare Advantage",pa_list,https://www.uhcprovider.com/content/dam/provider/docs/public/admin-guides/2026-UHC-Administrative-Guide.pdf,https://www.uhcprovider.com/en/admin-guides.html,seed -> page -> anchor -> document (View Guide),pdf,,"April 1, 2026",2026-05-13,200,30269dce2509df0edf0efd4246c0ae6f9d17534d3479d08d2531b92bb4917b2e,6017402,N,static,html_anchor|True|pdf_metadata|pdf_text|labeled_text|title,0.80,2026-09-28T14:04:01Z,
UHC,UHC,,,Claims Overpayment Refund Form - Single or Multiple Requests,medical_policy,https://www.uhcprovider.com/content/dam/provider/docs/public/claims/Claims-Overpayment-Refund-Form.pdf,https://www.uhcprovider.com/en/claims-payments-billing.html,seed -> page -> anchor -> document (Claims overpayment refund/notification form – single or multiple),pdf,Subscriber,,2025-04-18,200,f3a60ef882cea80e9993e2daa5da9d0046095fa1580ae08f07ae061fc37970e5,209977,N,static,html_anchor|True|pdf_metadata|pdf_text|labeled_text|title,0.80,2026-09-28T14:06:04Z,
UHC,UHC,CO,Medicaid,Out-of-network prior authorization request form - Rocky Mountain Health Plans,pa_list,https://www.uhcprovider.com/content/dam/provider/docs/public/commplan/co/forms/co-rmhp-out-of-network-request-form.pdf,https://www.uhcprovider.com/en/resource-library/provider-forms.html,seed -> page -> anchor -> document (Colorado Rocky Mountain Health Plan out of network request form),pdf,,,2026-08-11,200,1f846aeaed5d1d683f2bf2b85528c1d577cbed36b30285b076d760f1618ad3e9,376022,N,static,html_anchor|True|pdf_metadata|pdf_text|title|url_pattern,0.95,2026-09-28T14:07:48Z,
UHC,UHC,CO,,Authorization for release of health information form - UnitedHealthcare Rocky Mountain Health Plan,pa_list,https://www.uhcprovider.com/content/dam/provider/docs/public/commplan/co/forms/co-rmhp-release-authorization.pdf,https://www.uhcprovider.com/en/resource-library/provider-forms.html,seed -> page -> anchor -> document (Colorado Rocky Mountain Health Plan release of information form),pdf,,,2026-08-12,200,9048e8b41c6277a00f27d39ecf4bd1f683051d0d8859ee9dafd30d5144e7ede2,110712,N,static,html_anchor|True|pdf_metadata|pdf_text|title|url_pattern,0.80,2026-09-28T14:07:50Z,
UHC,UHC,NE,,Nebraska Standard Prior Authorization Instructions for Prescription Drug Benefits/DME,pa_list,https://www.uhcprovider.com/content/dam/provider/docs/public/commplan/ne/forms/NE-Pior-Auth-Form-Prescription-Drug-DME.pdf,https://www.uhcprovider.com/en/resource-library/provider-forms.html,seed -> page -> anchor -> document (PDF),pdf,,,2025-12-12,200,bc19f9117a002a3f324783de41e9493c4d88f4dcfdbb2457c295f4c47931ff6d,401452,N,static,html_anchor|url_pattern|True|pdf_metadata|pdf_text|title|url_pattern,0.95,2026-09-28T14:07:04Z,
UHC,UHC,NE,,Nebraska Standard Prior Authorization Request Instructions for Health Care Services Including Medical Injectables,pa_list,https://www.uhcprovider.com/content/dam/provider/docs/public/commplan/ne/forms/NE-Prior-Auth-Form-Healthcare-Services.pdf,https://www.uhcprovider.com/en/resource-library/provider-forms.html,seed -> page -> anchor -> document (PDF),pdf,,,2025-12-12,200,74a15e070e9529472d424e3c12511c544a5bf43a58c10063c0eef401bfd5a1af,422237,N,static,html_anchor|url_pattern|True|pdf_metadata|pdf_text|title|url_pattern,0.95,2026-09-28T14:07:07Z,
UHC,UHC,NM,,New Mexico Uniform Prior Authorization Form - UnitedHealthcare Plans,pa_list,https://www.uhcprovider.com/content/dam/provider/docs/public/commplan/nm/forms/NM-Uniform-Prior-Auth-Form.pdf,https://www.uhcprovider.com/en/resource-library/provider-forms.html,seed -> page -> anchor -> document (PDF),pdf,,,2026-02-13,200,ffd192bf8ebd75f001be5599447d4151db19612e5fe780157b4b50026acfebd7,226984,N,static,html_anchor|url_pattern|True|pdf_metadata|pdf_text|title|url_pattern,0.95,2026-09-28T14:07:15Z,
UHC,UHC,,Medicare Advantage,Medicare Part B Step Therapy Programs – Medicare Advantage Medical Policy,medical_policy,https://www.uhcprovider.com/content/dam/provider/docs/public/policies/medadv-mp/medicare-part-b-step-therapy-programs.pdf,https://www.uhcprovider.com/en/resource-library/drug-lists-pharmacy.html,seed -> page -> anchor -> document (Medicare Part B Step Therapy Programs),pdf,IAP.001.30,"July 1, 2026",2026-06-30,200,945349d0a421440e980b44aab57f05fa112a3cfacde8afa99192a1d67e38eb9d,748999,N,static,html_anchor|True|pdf_metadata|pdf_text|labeled_text|title,0.95,2026-09-28T14:04:48Z,
UHC,UHC,,Medicare Advantage,Prior Authorization Crosswalk Table,pa_list,https://www.uhcprovider.com/content/dam/provider/docs/public/prior-auth/COMM-Prior-Auth-Crosswalk-Table.pdf,https://www.uhcprovider.com/en/prior-auth-advance-notification.html,seed -> page -> anchor -> document (Crosswalk),pdf,,,2026-07-01,200,c57414754318d94fa413c3fbdf47a78f561d93bbb56e734d1b3f215245879368,1590798,N,static,html_anchor|url_pattern|True|pdf_metadata|pdf_text|title,0.95,2026-09-28T14:05:56Z,
UHC,UHC,,Commercial,Network Gap Exception Request Form,pa_list,https://www.uhcprovider.com/content/dam/provider/docs/public/prior-auth/UHC-Commercial-GAP-Application-form.pdf,https://www.uhcprovider.com/en/resource-library/provider-forms.html,seed -> page -> anchor -> document (PDF),pdf,,,2024-07-31,200,de9bcdb4f9400f54693571f8d58d3345f72309c76ca27fc75b52ecba8433831c,157827,N,static,html_anchor|url_pattern|True|pdf_metadata|pdf_text|title,0.80,2026-09-28T14:07:08Z,
UHC,UHC,CA,Commercial,Commercial Prescription Prior Authorization Form - California - UnitedHealthcare Commercial Plans,pa_list,https://www.uhcprovider.com/content/dam/provider/docs/public/prior-auth/drugs-pharmacy/CA-Pharmacy-Prior-Auth-Form.pdf,https://www.uhcprovider.com/en/resource-library/provider-forms.html,seed -> page -> anchor -> document (PDF),pdf,,,2025-12-09,200,b7392428fb2939c44b18124a7ab09a4818dd89ff9366093da258a37649ec7ec3,97880,N,static,html_anchor|url_pattern|True|pdf_metadata|pdf_text|title|url_pattern,0.95,2026-09-28T14:06:52Z,
UHC,UHC,CO,Commercial,Colorado - Commercial Prescription Prior Authorization Form - UnitedHealthcare Plan,pa_list,https://www.uhcprovider.com/content/dam/provider/docs/public/prior-auth/drugs-pharmacy/CO-COMM-Prescription-PA-Form.pdf,https://www.uhcprovider.com/en/resource-library/provider-forms.html,seed -> page -> anchor -> document (PDF),pdf,,,2026-05-19,200,80d267436c5dff29bd09c4daf6962737b8c3bb2743b4a9f000b0a21c2ad2c294,131662,N,static,html_anchor|url_pattern|True|pdf_metadata|pdf_text|title|url_pattern,0.95,2026-09-28T14:06:54Z,
UHC,UHC,OR,Commercial,Oregon Commercial Prescription Prior Authorization Form - UnitedHealthcare Commercial Plans,pa_list,https://www.uhcprovider.com/content/dam/provider/docs/public/prior-auth/drugs-pharmacy/Commercial-Prescription-PA-Form-Oregon.pdf,https://www.uhcprovider.com/en/resource-library/provider-forms.html,seed -> page -> anchor -> document (PDF),pdf,,,2025-05-08,200,29d7d936fac2e24ea5093009f52513c1b3090601d52e684da8c5c6317fa66003,340777,N,static,html_anchor|url_pattern|True|pdf_metadata|pdf_text|title|url_pattern,0.95,2026-09-28T14:07:18Z,
UHC,UHC,LA,Medicaid,Louisiana - Commercial Prescription Prior Authorization Form - UnitedHealthcare Commercial Plans,pa_list,https://www.uhcprovider.com/content/dam/provider/docs/public/prior-auth/drugs-pharmacy/LA-Uniform-Prescription-Drug-PA-Form-NOA.pdf,https://www.uhcprovider.com/en/resource-library/provider-forms.html,seed -> page -> anchor -> document (PDF),pdf,,,2025-09-22,200,919d8510c44cc3dc66ca6c302574045ec355fae92cebd9193bb92b8b671e06d0,502273,N,static,html_anchor|url_pattern|True|pdf_metadata|pdf_text|title|url_pattern,0.95,2026-09-28T14:06:57Z,
UHC,UHC,NV,Commercial,Commercial Step Therapy Protocol Exception Prior Authorization Request for Stage 3 or 4 Cancer - Nevada,pa_list,https://www.uhcprovider.com/content/dam/provider/docs/public/prior-auth/drugs-pharmacy/NV-Comm-Step-Therapy-Protocol-Exception-Prior-Auth-Form.pdf,https://www.uhcprovider.com/en/resource-library/provider-forms.html,seed -> page -> anchor -> document (PDF),pdf,,,2025-09-26,200,e48c2641f0bafe8338307504c4f96860e7dc7bee72ccff435ba24b6f66f81ede,172276,N,static,html_anchor|url_pattern|True|pdf_metadata|pdf_text|title|url_pattern,0.95,2026-09-28T14:07:11Z,
UHC,UHC,PA,Medicaid,NOFR002 - Texas Standard Prior Authorization Request Form for Prescription Drug Benefits,pa_list,https://www.uhcprovider.com/content/dam/provider/docs/public/prior-auth/exchanges/TX-PA-Form-Prescription-Benefits.pdf,https://www.uhcprovider.com/en/resource-library/provider-forms.html,seed -> page -> anchor -> document (Texas prior authorization form for prescription benefits),pdf,,,2025-10-01,200,2e8817c9c30063d7a3530f8aec37dc976c9d3862f609dcda203ad3fce7eddae5,273559,N,static,html_anchor|url_pattern|True|pdf_metadata|pdf_text|title|url_pattern,0.95,2026-09-28T14:07:45Z,
UHC,UHC,,Medicare Advantage,How to submit a pre-service appeal - Quick reference guide - UnitedHealthcare plans,pa_list,https://www.uhcprovider.com/content/dam/provider/docs/public/prior-auth/how-to-submit-pre-service-appeals.pdf,https://www.uhcprovider.com/en/resource-library/provider-portal-resources.html,seed -> page -> anchor -> document (How to submit a pre-service appeal),pdf,,,2026-03-27,200,61985266f91cff9bab89dc897fb7d9a9e70b259bfb1db31d4fa2f976c2cc4c66,182428,N,static,html_anchor|url_pattern|True|pdf_metadata|pdf_text|title,0.80,2026-09-28T14:06:17Z,
UHC,UHC,AZ,Commercial,Arizona Prior Authorization Form-Health Care Services - UnitedHealthcare Commercial Plan,pa_list,https://www.uhcprovider.com/content/dam/provider/docs/public/prior-auth/pa-requirements/commercial/AZ-Commercial-Prior-Auth-Form-Health-Care-Services.pdf,https://www.uhcprovider.com/en/resource-library/provider-forms.html,seed -> page -> anchor -> document (PDF),pdf,,,2022-09-01,200,b8f8200c6bb479146424c3267b8ade64732d4c7e42746265d382427d477c4256,182387,N,static,html_anchor|url_pattern|True|pdf_metadata|pdf_text|title|url_pattern,0.95,2026-09-28T14:06:50Z,
UHC,UHC,PA,Medicaid,Texas Standard Prior Authorization Request Form for Health Care Services - UnitedHealthcare Commercial Plan,pa_list,https://www.uhcprovider.com/content/dam/provider/docs/public/prior-auth/pa-requirements/commercial/TX-Commercial-Prior-Author-Form.pdf,https://www.uhcprovider.com/en/resource-library/provider-forms.html,seed -> page -> anchor -> document (PDF),pdf,,,2023-09-29,200,94a6fbced7f76822e16ec0ca6e61348880787319ab26cac617c5a04f30737a2f,1582794,N,static,html_anchor|url_pattern|True|pdf_metadata|pdf_text|title|url_pattern,0.95,2026-09-28T14:07:20Z,
UHC,UHC,,Medicare Advantage,"Digital solutions comparison guide for the UnitedHealthcare Provider Portal, API and EDI",pa_list,https://www.uhcprovider.com/content/dam/provider/docs/public/resources/edi/Digital-Solutions-Comparison-Guide.pdf,https://www.uhcprovider.com/en/prior-auth-advance-notification.html,seed -> page -> anchor -> document (guide),pdf,,,2026-06-24,200,ad04aa0370191594bd9c46e9ceda95979e379a9d6124265857b8644bb31fdbb5,73724,N,static,html_anchor|True|pdf_metadata|pdf_text|title,0.80,2026-09-28T14:05:54Z,
UHC,UHC,,,PreCheck MyScript Frequently asked questions - UnitedHealthcare,drug_list,https://www.uhcprovider.com/content/dam/provider/docs/public/resources/other-resources/PreCheck-MyScript-FAQ.pdf,https://www.uhcprovider.com/en/resource-library/provider-portal-resources.html,seed -> page -> anchor -> document (PreCheck MyScript Frequently Asked Questions),pdf,,,2026-02-11,200,1bd4901a10bb596680c79f899d5a0b7bf16e8972f82826130f36a2fd4562e14e,80310,N,static,html_anchor|True|pdf_metadata|pdf_text|title,0.80,2026-09-28T14:06:19Z,
UHC,UHC,,Commercial,Patient Protection and Affordable Care Act $0 Cost-Share Preventive Medications Exemption Requests - UnitedHealthcare Commercial Plans,pa_list,https://www.uhcprovider.com/content/dam/provider/docs/public/resources/pharmacy/COMM-Patient-PACA-Zero-Cost-Share-Exemption-Request.pdf,https://www.uhcprovider.com/en/resource-library/drug-lists-pharmacy.html,seed -> page -> anchor -> document (Patient Protection and Affordable Care Act $0 Cost-Share Preventive Medications ),pdf,,,2025-10-08,200,7384764f25b54679c54e5c136731d0d9ebf796d3e9063d1668d0177a21df6f23,70325,N,static,html_anchor|True|pdf_metadata|pdf_text|title,0.80,2026-09-28T14:05:28Z,
UHC,UHC,,Commercial,"Commercial plan pharmacy benefit coverage updates effective May 1, 2026 - UnitedHealthcare commercial plans",drug_list,https://www.uhcprovider.com/content/dam/provider/docs/public/resources/pharmacy/COMM-Pharmacy-List-Update-05-01-2026.pdf,https://www.uhcprovider.com/en/resource-library/drug-lists-pharmacy.html,"seed -> page -> anchor -> document (Commercial Plan Pharmacy Benefit Coverage Update - Effective May 1, 2026)",pdf,,"May 1, 2026",2026-02-26,200,2c43408b33e2982b71c7f3300bb46d89dabfd918c77ecb7ca1016adc65ed601d,630311,N,static,html_anchor|True|pdf_metadata|pdf_text|labeled_text|title,0.80,2026-09-28T14:04:36Z,
UHC,UHC,,Commercial,"Pharmacy Benefit Programs Drug List - Effective Sept. 1, 2026 - UnitedHealthcare Commercial",drug_list,https://www.uhcprovider.com/content/dam/provider/docs/public/resources/pharmacy/COMM-Pharmacy-Update-Prior-Auth-and-Coverage-Criteria.pdf,https://www.uhcprovider.com/en/resource-library/drug-lists-pharmacy.html,seed -> page -> anchor -> document (Pharmacy Update - Notice of Changes to Prior Authorization Requirements and Cove),pdf,,,2026-08-28,200,af308bf95a498e400cbbc9c9b84710b182e81a2ce167e4bf8537ecc83d5ce4c3,141992,N,static,html_anchor|url_pattern|True|pdf_metadata|pdf_text|title,0.95,2026-09-28T14:05:29Z,
UHC,UHC,,Community Plan,UnitedHealthcare Community Plan: Q1 2026 Preferred Drug List Updates,drug_list,https://www.uhcprovider.com/content/dam/provider/docs/public/resources/pharmacy/Community-Plan-Q1-2026-PDL-Updates.pdf,https://www.uhcprovider.com/en/resource-library/drug-lists-pharmacy.html,seed -> page -> anchor -> document (Community Plan: Q1 2026 Preferred Drug List Updates),pdf,,,2026-02-17,200,263b7d072853d8573a5a6cdd04341926e9684b642878a93e1abe2f6c809697eb,240926,N,static,html_anchor|url_pattern|True|pdf_metadata|pdf_text|title,0.95,2026-09-28T14:04:26Z,
UHC,UHC,,Community Plan,UnitedHealthcare Community Plan: Q2 2026 Preferred Drug List Updates,drug_list,https://www.uhcprovider.com/content/dam/provider/docs/public/resources/pharmacy/Community-Plan-Q2-2026-PDL-Updates.pdf,https://www.uhcprovider.com/en/resource-library/drug-lists-pharmacy.html,seed -> page -> anchor -> document (Community Plan: Q2 2026 Preferred Drug List Updates),pdf,,"April 1, 2026",2026-02-20,200,daa59c364c21f5a03f0c43c15965ece23877ed95fa828408e4bcac25e894f2d5,266302,N,static,html_anchor|url_pattern|True|pdf_metadata|pdf_text|labeled_text|title,0.95,2026-09-28T14:04:24Z,
UHC,UHC,,Community Plan,UnitedHealthcare Community Plan: Q3 2026 Preferred Drug List Updates,drug_list,https://www.uhcprovider.com/content/dam/provider/docs/public/resources/pharmacy/Community-Plan-Q3-2026-PDL-Updates.pdf,https://www.uhcprovider.com/en/resource-library/drug-lists-pharmacy.html,seed -> page -> anchor -> document (Community Plan: Q3 2026 Preferred Drug List Updates),pdf,,"July 1, 2026",2026-06-03,200,70a7c679069540c9c02760c19ee63d799b1f607c3b3e154a37730d1053d45715,297148,N,static,html_anchor|url_pattern|True|pdf_metadata|pdf_text|labeled_text|title,0.95,2026-09-28T14:04:23Z,
UHC,UHC,,Community Plan,UnitedHealthcare Community Plan: Q4 2026 Preferred Drug List Updates,drug_list,https://www.uhcprovider.com/content/dam/provider/docs/public/resources/pharmacy/Community-Plan-Q4-2026-PDL-Updates.pdf,https://www.uhcprovider.com/en/resource-library/drug-lists-pharmacy.html,seed -> page -> anchor -> document (Community Plan: Q4 2026 Preferred Drug List Updates),pdf,,"October 1, 2026",2026-08-26,200,f7d3e2cbb65d22c9a3d7e66ec20caa952017016874cfa80aa21e1d58f0d3c3c8,285388,N,static,html_anchor|url_pattern|True|pdf_metadata|pdf_text|labeled_text|title,0.95,2026-09-28T14:04:21Z,
UHC,UHC,,Commercial,Pharmacy Benefit Programs Drug List - UnitedHealthcare Commercial,drug_list,https://www.uhcprovider.com/content/dam/provider/docs/public/resources/pharmacy/Drugs-with-Clinical-Programs-Commercial.pdf,https://www.uhcprovider.com/en/resource-library/drug-lists-pharmacy.html,seed -> page -> anchor -> document (Drugs with Clinical Programs / Pharmacy Benefit Programs Drug List - Commercial ),pdf,,,2026-08-18,200,5bfa7558601ddded236d96c34db91c22db88419a859337f8f08af64e3b8b3e8c,238667,N,static,html_anchor|url_pattern|True|pdf_metadata|pdf_text|title,0.95,2026-09-28T14:05:24Z,
UHC,UHC,NM,Community Plan,New Mexico $0 behavioral health coverage - UnitedHealthcare  Community Plan,pa_list,https://www.uhcprovider.com/content/dam/provider/docs/public/resources/pharmacy/NM-Behavioral-Cost-Share.pdf,https://www.uhcprovider.com/en/resource-library/drug-lists-pharmacy.html,seed -> page -> anchor -> document (New Mexico Community plan $0 behavioral health coverage),pdf,,,2025-09-29,200,a42eec5bb1ca1862efd8046732333ad8d1d0bc5b2636de2b09f0430bfc8467dd,4429843,N,static,html_anchor|True|pdf_metadata|pdf_text|title|url_pattern,0.80,2026-09-28T14:05:48Z,
UHC,UHC,,Commercial,New and Therapeutic Equivalent Medications - UnitedHealthcare Commercial Plans,drug_list,https://www.uhcprovider.com/content/dam/provider/docs/public/resources/pharmacy/New-and-Therapeutic-Equivalent-Medications-Commercial.pdf,https://www.uhcprovider.com/en/resource-library/drug-lists-pharmacy.html,seed -> page -> anchor -> document (New and Therapeutic Equivalent Medications – UnitedHealthcare Commercial Plans e),pdf,,,2026-09-03,200,09c0fa0c34e3e675de176a5df9dcd6c28ecb5b0ba9ddc5fa8440d4f37318b8a6,761250,N,static,html_anchor|True|pdf_metadata|pdf_text|title,0.80,2026-09-28T14:05:26Z,
UHC,UHC,,,January 2027 4T Advantage Member Summary,drug_list,https://www.uhcprovider.com/content/dam/provider/docs/public/resources/pharmacy/Pharmacy-Benefit-Coverage-Update-01-01-2027.pdf,https://www.uhcprovider.com/en/resource-library/drug-lists-pharmacy.html,"seed -> page -> anchor -> document (Commercial Plan Pharmacy Benefit Coverage Update - Effective Jan. 1, 2027)",pdf,,"January 1, 2027",2026-09-22,200,bf0acd752c3c8bb39aead246b3bec52586c06939f331cd95c4dbc50b5dc01143,784531,N,static,html_anchor|True|pdf_metadata|pdf_text|labeled_text|title,0.80,2026-09-28T14:04:29Z,
UHC,UHC,,Commercial,"Commercial plan pharmacy benefit coverage updates effective Sept 1, 2026 - UnitedHealthcare commercial plans",drug_list,https://www.uhcprovider.com/content/dam/provider/docs/public/resources/pharmacy/Pharmacy-Benefit-Coverage-Update-09-01-2026.pdf,https://www.uhcprovider.com/en/resource-library/drug-lists-pharmacy.html,"seed -> page -> anchor -> document (Commercial Plan Pharmacy Benefit Coverage Update - Effective Sept. 1, 2026)",pdf,,"September 1, 2026",2026-06-09,200,d7279b6d0242735326ef2b444e8f313d862ff6050d9a50291041fa4857baee6e,741758,N,static,html_anchor|True|pdf_metadata|pdf_text|labeled_text|title,0.80,2026-09-28T14:04:33Z,
UHC,UHC,,Commercial,Quantity Limits per Copay Medication List - UnitedHealthcare Commercial Plans,drug_list,https://www.uhcprovider.com/content/dam/provider/docs/public/resources/pharmacy/Quantity-Level-Limits-Supply-Limits.pdf,https://www.uhcprovider.com/en/resource-library/drug-lists-pharmacy.html,seed -> page -> anchor -> document (Quantity Level Limits (QLL) per Copay Medication List),pdf,,,2026-08-18,200,afbfd1e3e01451f2ced9c630f726943f000a874aaecb697b0d583bca3934ab68,114331,N,static,html_anchor|True|pdf_metadata|pdf_text|title,0.80,2026-09-28T14:04:53Z,
UHC,UHC,,Commercial,Alternative medications coverage for all UnitedHealthcare plans,pa_list,https://www.uhcprovider.com/content/dam/provider/docs/public/resources/pharmacy/Temporary-Coverage-for-Drug-Shortage-Commercial.pdf,https://www.uhcprovider.com/en/resource-library/drug-lists-pharmacy.html,seed -> page -> anchor -> document (Temporary Coverage for Drug Shortages),pdf,,,2026-07-31,200,c11b691268f33b17b767e6d00e29bae954e86dddf9101923f512669a5567ab09,166142,N,static,html_anchor|url_pattern|True|pdf_metadata|pdf_text|title,0.80,2026-09-28T14:04:45Z,
UHC,UHC,,Commercial,"Advantage 3-Tier PDL update summary - Effective January 1,  2027 - UnitedHealthcare commercial plans",drug_list,https://www.uhcprovider.com/content/dam/provider/docs/public/resources/pharmacy/advantage-pdl-3t-jan-2027.pdf,https://www.uhcprovider.com/en/resource-library/drug-lists-pharmacy.html,"seed -> page -> anchor -> document (Advantage 3-Tier PDL update summary - Effective Jan. 1, 2027)",pdf,,"January 1, 2027",2026-09-03,200,72eecf792ad41595a93e9c1b93b17bdf0333bcfa2a216b4acb3c54dcb00b28c9,786551,N,static,html_anchor|url_pattern|True|pdf_metadata|pdf_text|labeled_text|title,0.95,2026-09-28T14:04:40Z,
UHC,UHC,,Commercial,"Advantage 3-Tier PDL update summary - Effective September 1,  2026 - UnitedHealthcare commercial plans",drug_list,https://www.uhcprovider.com/content/dam/provider/docs/public/resources/pharmacy/advantage-pdl-3t-sep-2026.pdf,https://www.uhcprovider.com/en/resource-library/drug-lists-pharmacy.html,"seed -> page -> anchor -> document (Advantage 3-Tier PDL update summary - Effective Sept. 1, 2026)",pdf,,"September 1, 2026",2026-06-03,200,9874ba785d2f1ab17940f40e36b2f3bfbd3d2604b9fc043d0319b45660fe9bd0,741989,N,static,html_anchor|url_pattern|True|pdf_metadata|pdf_text|labeled_text|title,0.95,2026-09-28T14:04:43Z,
UHC,UHC,,Commercial,"Prescription Drug List - UnitedHealthcare Commercial Plans - Effective January 1, 2026",drug_list,https://www.uhcprovider.com/content/dam/provider/docs/public/resources/pharmacy/commercial-pdl-jan-2026.pdf,https://www.uhcprovider.com/en/resource-library/drug-lists-pharmacy.html,"seed -> page -> anchor -> document (Commercial Prescription Drug List - Effective Jan. 1, 2026)",pdf,,"January 1, 2026",2025-11-11,200,1b53203d7ddcc0205ed3da35a6226e977ae062c19b72ac163f7c523fccd69ee5,3813516,N,static,html_anchor|url_pattern|True|pdf_metadata|pdf_text|labeled_text|title,0.95,2026-09-28T14:04:18Z,
UHC,UHC,,Commercial,"Prescription Drug List - UnitedHealthcare Commercial Plans - Effective May 1, 2026",drug_list,https://www.uhcprovider.com/content/dam/provider/docs/public/resources/pharmacy/commercial-pdl-may-2026.pdf,https://www.uhcprovider.com/en/resource-library/drug-lists-pharmacy.html,seed -> page -> anchor -> document (See Current 2026 Commercial Drug List),pdf,,"May 1, 2026",2026-03-24,200,7b6e94c1fa3d6e407858185f7de9fefb901f1fb24eb62aa25b1c57fe98923799,3826566,N,static,html_anchor|url_pattern|True|pdf_metadata|pdf_text|labeled_text|title,0.95,2026-09-28T14:04:08Z,
UHC,UHC,,Commercial,"Prescription Drug List - UnitedHealthcare Commercial Plans - Effective Sept. 1, 2026",drug_list,https://www.uhcprovider.com/content/dam/provider/docs/public/resources/pharmacy/commercial-pdl-sept-2026.pdf,https://www.uhcprovider.com/en/resource-library/drug-lists-pharmacy.html,"seed -> page -> anchor -> document (Commercial Prescription Drug List - Effective Sept. 1, 2026)",pdf,,"September 1, 2026",2026-07-22,200,6720069558b471d72c352f1be1f680c53893b33655208160efbeec656c2b53f3,1937186,N,static,html_anchor|url_pattern|True|pdf_metadata|pdf_text|labeled_text|title,0.95,2026-09-28T14:04:13Z,
UHC,UHC,NY,Medicaid,New York Commercial Contraceptive Exception Reqest form - Unitedhealthcare Commercial Plans in New York,drug_list,https://www.uhcprovider.com/content/dam/provider/docs/public/resources/pharmacy/ny-contraceptive_exception_request_form.pdf,https://www.uhcprovider.com/en/resource-library/provider-forms.html,seed -> page -> anchor -> document (PDF),pdf,,,2025-11-05,200,6415702502780ca1fe36da48f255d76aa482f19f3be1acfef1037ac701d1ca1b,199413,N,static,html_anchor|True|pdf_metadata|pdf_text|title|url_pattern,0.80,2026-09-28T14:06:29Z,
UHC,UHC,,Commercial,Opioid overutilization prevention and use disorder treatment programs - Unitedhealthcare commerical plans,pa_list,https://www.uhcprovider.com/content/dam/provider/docs/public/resources/pharmacy/opioids/Opioid-Overutilization-Prevention-QRG.pdf,https://www.uhcprovider.com/en/resource-library/drug-lists-pharmacy.html,seed -> page -> anchor -> document (Opioid overutilization prevention and use disorder treatment programs - Quick Re),pdf,,,2026-03-18,200,6a8263afc0764e4a780c96dd92c3ef5056cefdaeec82b04e79adf065872af9bf,65631,N,static,html_anchor|True|pdf_metadata|pdf_text|title,0.80,2026-09-28T14:04:55Z,
UHC,UHC,MA,Commercial,Massachusetts: Non-medication opioid alternatives for pain management - Quick reference guide - UnitedHealthcare Commercial plans,pa_list,https://www.uhcprovider.com/content/dam/provider/docs/public/resources/pharmacy/opioids/ma-non-medication-pain.pdf,https://www.uhcprovider.com/en/resource-library/drug-lists-pharmacy.html,seed -> page -> anchor -> document (Massachusetts: Non-medication opioid alternatives for pain management),pdf,,,2025-10-22,200,ecbf8b8c3c62e894f07bb8ebd95766f4868295a1e272766cd5d973d9978c4c3b,34339,N,static,html_anchor|True|pdf_metadata|pdf_text|title|url_pattern,0.80,2026-09-28T14:05:00Z,
UHC,UHC,ME,Commercial,Maine: Medication alternatives to opioid products - Quick reference guide - UnitedHealthcare Commercial plans,drug_list,https://www.uhcprovider.com/content/dam/provider/docs/public/resources/pharmacy/opioids/me-QRG-medication-alternatives-opioid-products.pdf,https://www.uhcprovider.com/en/resource-library/drug-lists-pharmacy.html,seed -> page -> anchor -> document (Maine: Medication alternatives to opioid products),pdf,,,2026-07-06,200,54f32b92ed2f3025e86c996d56e71dee88196bb741f62f2f1e78f3fbf537ee7f,272308,N,static,html_anchor|True|pdf_metadata|pdf_text|title|url_pattern,0.80,2026-09-28T14:04:59Z,
UHC,UHC,ME,Commercial,Maine: Non-medicationalternatives pain management - Quick reference guide - UnitedHealthcare Commercial plans,pa_list,https://www.uhcprovider.com/content/dam/provider/docs/public/resources/pharmacy/opioids/me-QRG-non-medication-alternatives-opioid-products.pdf,https://www.uhcprovider.com/en/resource-library/drug-lists-pharmacy.html,seed -> page -> anchor -> document (Maine: Non-medication opioid alternatives for pain management),pdf,,,2025-10-09,200,360903004e94705ee0fa6fbf53ed4ea95f9c3ce1e38d0eaf9858b45ce77f1645,44228,N,static,html_anchor|True|pdf_metadata|pdf_text|title|url_pattern,0.80,2026-09-28T14:04:57Z,
UHC,UHC,,,Diabetes Medications-DPP4-Oxford,pa_list,https://www.uhcprovider.com/content/dam/provider/docs/public/resources/pharmacy/oxford/Diabetes-Medications-DPP4-Inhibitors-Oxford.pdf,https://www.uhcprovider.com/en/resource-library/drug-lists-pharmacy.html,"seed -> page -> anchor -> document (Diabetes Medications, DPP4 Inhibitors – Oxford)",pdf,,,2025-09-10,200,d8c698f5fb569bbdb83e5e03df365fb5f581fdd30c3f8e626a82c45464a3a8f1,176584,N,static,html_anchor|True|pdf_metadata|pdf_text|title,0.80,2026-09-28T14:05:11Z,
UHC,UHC,,,Diabetes Medications - SGLT2 Inhibitors - Oxford,pa_list,https://www.uhcprovider.com/content/dam/provider/docs/public/resources/pharmacy/oxford/Diabetes-Medications-SGLT2-Inhibitors-Oxford.pdf,https://www.uhcprovider.com/en/resource-library/drug-lists-pharmacy.html,"seed -> page -> anchor -> document (Diabetes Medications, SGLT2 Inhibitors – Oxford)",pdf,,,2026-08-13,200,16189f2de63d96fc9c9044b34e6bac5243c79bd707043c4108fb020a697331cc,173081,N,static,html_anchor|True|pdf_metadata|pdf_text|title,0.80,2026-09-28T14:05:13Z,
